lam,seed,L,h,norm,mse,mae,epochs,r2_level,sigma_est2,th_level_term,wall_s
0.0,0,96,24,raw,0.268751,0.411885,13,0.0096,nan,0.320006,0.97
0.0,0,96,24,revin,0.27027,0.413024,8,0.0096,nan,0.045962,0.31
0.0,0,96,24,cn_oracle,0.243452,0.393146,7,0.0096,nan,0.0,0.12
0.0,0,96,24,cn_est,0.288003,0.425239,10,0.0096,0.324031,0.326968,0.17
0.0,0,96,96,raw,0.298961,0.43264,10,0.0096,nan,0.324287,0.17
0.0,0,96,96,revin,0.30182,0.434527,5,0.0096,nan,0.078761,0.14
0.0,0,96,96,cn_oracle,0.243745,0.393779,10,0.0096,nan,0.0,0.19
0.0,0,96,96,cn_est,0.317038,0.444243,10,0.0096,0.324031,0.331288,0.17
0.0,0,96,336,raw,0.362301,0.478116,12,0.0096,nan,0.328573,0.2
0.0,0,96,336,revin,0.372021,0.484322,7,0.0096,nan,0.138645,0.22
0.0,0,96,336,cn_oracle,0.247137,0.395453,7,0.0096,nan,0.0,0.11
0.0,0,96,336,cn_est,0.377761,0.487248,12,0.0096,0.324031,0.334935,0.22
0.5,0,96,24,raw,0.696886,0.649626,13,0.4441,nan,0.66386,0.22
0.5,0,96,24,revin,0.730243,0.662759,7,0.4441,nan,0.703664,0.19
0.5,0,96,24,cn_oracle,0.084371,0.231693,6,0.4441,nan,0.0,0.1
0.5,0,96,24,cn_est,0.094002,0.243477,9,0.4441,0.044136,0.044562,0.15
0.5,0,96,96,raw,0.788014,0.692292,8,0.4441,nan,0.656546,0.13
0.5,0,96,96,revin,0.859066,0.720982,7,0.4441,nan,0.752028,0.2
0.5,0,96,96,cn_oracle,0.085635,0.233521,8,0.4441,nan,0.0,0.16
0.5,0,96,96,cn_est,0.095923,0.246426,13,0.4441,0.044136,0.044768,0.23
0.5,0,96,336,raw,0.801204,0.700091,11,0.4441,nan,0.64735,0.18
0.5,0,96,336,revin,0.881932,0.736437,11,0.4441,nan,0.753131,0.31
0.5,0,96,336,cn_oracle,0.085145,0.23259,6,0.4441,nan,0.0,0.12
0.5,0,96,336,cn_est,0.100818,0.252692,15,0.4441,0.044136,0.044999,0.28
1.0,0,96,24,raw,0.751361,0.684873,7,0.9893,nan,0.787357,0.14
1.0,0,96,24,revin,0.830984,0.724227,7,0.9893,nan,0.881597,0.21
1.0,0,96,24,cn_oracle,0.056893,0.189974,8,0.9893,nan,0.0,0.14
1.0,0,96,24,cn_est,0.058984,0.193391,10,0.9893,0.00188,0.001902,0.2
1.0,0,96,96,raw,0.834112,0.726134,8,0.9893,nan,0.788923,0.14
1.0,0,96,96,revin,0.963987,0.784025,11,0.9893,nan,0.93392,0.38
1.0,0,96,96,cn_oracle,0.057649,0.19128,11,0.9893,nan,0.0,0.18
1.0,0,96,96,cn_est,0.059632,0.194513,11,0.9893,0.00188,0.001902,0.18
1.0,0,96,336,raw,0.851118,0.735421,9,0.9893,nan,0.775852,0.15
1.0,0,96,336,revin,0.983117,0.787902,10,0.9893,nan,0.909556,0.26
1.0,0,96,336,cn_oracle,0.058151,0.192065,9,0.9893,nan,0.0,0.19
1.0,0,96,336,cn_est,0.060393,0.195618,9,0.9893,0.00188,0.001909,0.2
0.0,0,336,24,raw,0.268498,0.412075,12,0.0096,nan,0.320006,0.89
0.0,0,336,24,revin,0.272759,0.415444,10,0.0096,nan,0.107993,0.27
0.0,0,336,24,cn_oracle,0.245209,0.394048,8,0.0096,nan,0.0,0.13
0.0,0,336,24,cn_est,0.28646,0.424896,12,0.0096,0.336853,0.326968,0.19
0.0,0,336,96,raw,0.307637,0.43898,9,0.0096,nan,0.324287,0.18
0.0,0,336,96,revin,0.309801,0.440414,10,0.0096,nan,0.131996,0.28
0.0,0,336,96,cn_oracle,0.248034,0.396114,6,0.0096,nan,0.0,0.1
0.0,0,336,96,cn_est,0.325279,0.450566,9,0.0096,0.336853,0.331288,0.16
0.0,0,336,336,raw,0.373864,0.486768,9,0.0096,nan,0.328573,0.16
0.0,0,336,336,revin,0.381343,0.49071,5,0.0096,nan,0.159307,0.15
0.0,0,336,336,cn_oracle,0.247978,0.396266,5,0.0096,nan,0.0,0.11
0.0,0,336,336,cn_est,0.387952,0.495485,9,0.0096,0.336853,0.334935,0.17
0.0,1,96,24,raw,0.677331,0.658043,7,0.0023,nan,7.627551,0.12
0.0,1,96,24,revin,0.611548,0.624973,7,0.0023,nan,0.025333,0.2
0.0,1,96,24,cn_oracle,0.585523,0.612661,10,0.0023,nan,0.0,0.19
0.0,1,96,24,cn_est,0.684925,0.661141,7,0.0023,7.656105,7.664318,0.12
0.0,1,96,96,raw,0.701158,0.669795,5,0.0023,nan,7.633571,0.12
0.0,1,96,96,revin,0.624443,0.630861,6,0.0023,nan,0.033319,0.17
0.0,1,96,96,cn_oracle,0.589777,0.615058,7,0.0023,nan,0.0,0.11
0.0,1,96,96,cn_est,0.711189,0.674712,5,0.0023,7.656105,7.668504,0.09
0.0,1,96,336,raw,0.844544,0.736747,6,0.0023,nan,7.629473,0.11
0.0,1,96,336,revin,0.654675,0.646134,7,0.0023,nan,0.049998,0.29
0.0,1,96,336,cn_oracle,0.59043,0.613803,6,0.0023,nan,0.0,0.12
0.0,1,96,336,cn_est,0.8455,0.736628,6,0.0023,7.656105,7.665284,0.12
0.0,1,336,24,raw,0.726955,0.680972,5,0.0023,nan,7.627551,0.09
0.0,1,336,24,revin,0.611238,0.622752,6,0.0023,nan,0.02695,0.23
0.0,1,336,24,cn_oracle,0.585821,0.609724,6,0.0023,nan,0.0,0.15
0.0,1,336,24,cn_est,0.722112,0.678566,5,0.0023,7.536886,7.664318,0.1
0.0,1,336,96,raw,0.853307,0.738358,8,0.0023,nan,7.633571,0.16
0.0,1,336,96,revin,0.627655,0.630938,7,0.0023,nan,0.032984,0.22
0.0,1,336,96,cn_oracle,0.595506,0.615456,6,0.0023,nan,0.0,0.11
0.0,1,336,96,cn_est,0.879278,0.748501,5,0.0023,7.536886,7.668504,0.12
0.0,1,336,336,raw,0.906665,0.760628,6,0.0023,nan,7.629473,0.13
0.0,1,336,336,revin,0.663043,0.650017,5,0.0023,nan,0.054574,0.14
0.0,1,336,336,cn_oracle,0.601314,0.618733,5,0.0023,nan,0.0,0.1
0.0,1,336,336,cn_est,0.925308,0.768959,5,0.0023,7.536886,7.665284,0.09
0.0,2,96,24,raw,0.314008,0.44448,9,0.0032,nan,1.07394,0.15
0.0,2,96,24,revin,0.312,0.442901,6,0.0032,nan,0.030084,0.23
0.0,2,96,24,cn_oracle,0.287264,0.42719,6,0.0032,nan,0.0,0.2
0.0,2,96,24,cn_est,0.335689,0.460071,11,0.0032,1.108118,1.088222,0.21
0.0,2,96,96,raw,0.340164,0.463143,9,0.0032,nan,1.048552,0.15
0.0,2,96,96,revin,0.334644,0.459193,6,0.0032,nan,0.046863,0.16
0.0,2,96,96,cn_oracle,0.293136,0.430936,6,0.0032,nan,0.0,0.12
0.0,2,96,96,cn_est,0.366291,0.481281,7,0.0032,1.108118,1.06425,0.15
0.0,2,96,336,raw,0.391299,0.497019,10,0.0032,nan,0.974032,0.17
0.0,2,96,336,revin,0.390005,0.496112,7,0.0032,nan,0.098186,0.2
0.0,2,96,336,cn_oracle,0.298357,0.434698,7,0.0032,nan,0.0,0.12
0.0,2,96,336,cn_est,0.416639,0.513532,10,0.0032,1.108118,0.986694,0.16
0.0,2,336,24,raw,0.316857,0.447735,9,0.0032,nan,1.07394,0.14
0.0,2,336,24,revin,0.315265,0.446147,8,0.0032,nan,0.059915,0.2
0.0,2,336,24,cn_oracle,0.289935,0.428467,8,0.0032,nan,0.0,0.14
0.0,2,336,24,cn_est,0.341052,0.465173,9,0.0032,1.127249,1.088222,0.15
0.0,2,336,96,raw,0.346493,0.468551,8,0.0032,nan,1.048552,0.13
0.0,2,336,96,revin,0.335855,0.46099,6,0.0032,nan,0.073834,0.21
0.0,2,336,96,cn_oracle,0.29528,0.432629,6,0.0032,nan,0.0,0.1
0.0,2,336,96,cn_est,0.372254,0.486168,8,0.0032,1.127249,1.06425,0.13
0.0,2,336,336,raw,0.400798,0.503457,12,0.0032,nan,0.974032,0.19
0.0,2,336,336,revin,0.388964,0.496027,8,0.0032,nan,0.107106,0.2
0.0,2,336,336,cn_oracle,0.301587,0.437417,5,0.0032,nan,0.0,0.08
0.0,2,336,336,cn_est,0.426585,0.520162,12,0.0032,1.127249,0.986694,0.21
0.0,3,96,24,raw,0.314711,0.446354,10,0.0,nan,1.607626,0.17
0.0,3,96,24,revin,0.308379,0.442078,11,0.0,nan,0.037241,0.36
0.0,3,96,24,cn_oracle,0.276408,0.417745,6,0.0,nan,0.0,0.12
0.0,3,96,24,cn_est,0.331232,0.458674,14,0.0,1.607352,1.626507,0.3
0.0,3,96,96,raw,0.345795,0.46784,13,0.0,nan,1.561585,0.29
0.0,3,96,96,revin,0.333266,0.459807,8,0.0,nan,0.058293,0.24
0.0,3,96,96,cn_oracle,0.27897,0.42017,7,0.0,nan,0.0,0.14
0.0,3,96,96,cn_est,0.36357,0.480543,13,0.0,1.607352,1.579774,0.23
0.0,3,96,336,raw,0.447339,0.532025,7,0.0,nan,1.427564,0.16
0.0,3,96,336,revin,0.38712,0.496727,6,0.0,nan,0.114232,0.16
0.0,3,96,336,cn_oracle,0.282853,0.422893,7,0.0,nan,0.0,0.11
0.0,3,96,336,cn_est,0.466633,0.543722,7,0.0,1.607352,1.447183,0.12
0.0,3,336,24,raw,0.324192,0.453202,13,0.0,nan,1.607626,0.21
0.0,3,336,24,revin,0.31455,0.447049,5,0.0,nan,0.067013,0.16
0.0,3,336,24,cn_oracle,0.280357,0.421166,5,0.0,nan,0.0,0.09
0.0,3,336,24,cn_est,0.340982,0.465533,13,0.0,1.578848,1.626507,0.21
0.0,3,336,96,raw,0.343396,0.466495,8,0.0,nan,1.561585,0.18
0.0,3,336,96,revin,0.337364,0.462532,7,0.0,nan,0.082384,0.2
0.0,3,336,96,cn_oracle,0.285044,0.424329,6,0.0,nan,0.0,0.11
0.0,3,336,96,cn_est,0.363091,0.480047,8,0.0,1.578848,1.579774,0.13
0.0,3,336,336,raw,0.4346,0.523992,8,0.0,nan,1.427564,0.2
0.0,3,336,336,revin,0.395433,0.501368,8,0.0,nan,0.133955,0.23
0.0,3,336,336,cn_oracle,0.286258,0.425393,5,0.0,nan,0.0,0.12
0.0,3,336,336,cn_est,0.452525,0.535039,8,0.0,1.578848,1.447183,0.13
0.0,4,96,24,raw,0.492144,0.558863,7,0.0148,nan,5.991377,0.12
0.0,4,96,24,revin,0.472452,0.547824,9,0.0148,nan,0.027355,0.29
0.0,4,96,24,cn_oracle,0.445375,0.530219,6,0.0148,nan,0.0,0.11
0.0,4,96,24,cn_est,0.51217,0.56983,7,0.0148,5.987832,5.990423,0.12
0.0,4,96,96,raw,0.537773,0.583071,6,0.0148,nan,6.015491,0.11
0.0,4,96,96,revin,0.495672,0.56027,8,0.0148,nan,0.0412,0.22
0.0,4,96,96,cn_oracle,0.45176,0.534123,8,0.0148,nan,0.0,0.16
0.0,4,96,96,cn_est,0.554313,0.592632,6,0.0148,5.987832,6.01632,0.11
0.0,4,96,336,raw,0.631545,0.63376,9,0.0148,nan,6.072566,0.17
0.0,4,96,336,revin,0.516196,0.572148,7,0.0148,nan,0.062391,0.21
0.0,4,96,336,cn_oracle,0.449703,0.533195,6,0.0148,nan,0.0,0.11
0.0,4,96,336,cn_est,0.653352,0.645283,9,0.0148,5.987832,6.077322,0.16
0.0,4,336,24,raw,0.552258,0.591613,10,0.0148,nan,5.991377,0.16
0.0,4,336,24,revin,0.473728,0.548226,5,0.0148,nan,0.039646,0.14
0.0,4,336,24,cn_oracle,0.450313,0.53377,7,0.0148,nan,0.0,0.15
0.0,4,336,24,cn_est,0.551359,0.591072,10,0.0148,5.998706,5.990423,0.16
0.0,4,336,96,raw,0.5976,0.615359,4,0.0148,nan,6.015491,0.07
0.0,4,336,96,revin,0.492791,0.559361,6,0.0148,nan,0.047979,0.17
0.0,4,336,96,cn_oracle,0.45158,0.534594,6,0.0148,nan,0.0,0.13
0.0,4,336,96,cn_est,0.660537,0.648391,7,0.0148,5.998706,6.01632,0.14
0.0,4,336,336,raw,0.629695,0.63232,8,0.0148,nan,6.072566,0.13
0.0,4,336,336,revin,0.509269,0.569301,5,0.0148,nan,0.05867,0.13
0.0,4,336,336,cn_oracle,0.4508,0.534664,5,0.0148,nan,0.0,0.08
0.0,4,336,336,cn_est,0.648315,0.64206,8,0.0148,5.998706,6.077322,0.13
0.0,5,96,24,raw,0.439311,0.529414,10,0.0006,nan,4.452158,0.22
0.0,5,96,24,revin,0.427232,0.522871,6,0.0006,nan,0.036665,0.18
0.0,5,96,24,cn_oracle,0.393827,0.502552,9,0.0006,nan,0.0,0.18
0.0,5,96,24,cn_est,0.453376,0.537741,8,0.0006,4.443963,4.490645,0.16
0.0,5,96,96,raw,0.483475,0.556538,7,0.0006,nan,4.44684,0.14
0.0,5,96,96,revin,0.455624,0.541047,10,0.0006,nan,0.063107,0.29
0.0,5,96,96,cn_oracle,0.396726,0.503795,8,0.0006,nan,0.0,0.19
0.0,5,96,96,cn_est,0.500823,0.565384,7,0.0006,4.443963,4.486148,0.13
0.0,5,96,336,raw,0.578068,0.608134,9,0.0006,nan,4.410951,0.17
0.0,5,96,336,revin,0.536655,0.588063,7,0.0006,nan,0.149751,0.2
0.0,5,96,336,cn_oracle,0.394188,0.502043,7,0.0006,nan,0.0,0.11
0.0,5,96,336,cn_est,0.595228,0.617076,9,0.0006,4.443963,4.450699,0.14
0.0,5,336,24,raw,0.466028,0.546836,10,0.0006,nan,4.452158,0.16
0.0,5,336,24,revin,0.423895,0.521037,7,0.0006,nan,0.094477,0.24
0.0,5,336,24,cn_oracle,0.390441,0.499209,9,0.0006,nan,0.0,0.17
0.0,5,336,24,cn_est,0.483504,0.555648,7,0.0006,4.325397,4.490645,0.12
0.0,5,336,96,raw,0.556256,0.596813,6,0.0006,nan,4.44684,0.11
0.0,5,336,96,revin,0.456196,0.541445,6,0.0006,nan,0.123891,0.18
0.0,5,336,96,cn_oracle,0.39624,0.502717,6,0.0006,nan,0.0,0.22
0.0,5,336,96,cn_est,0.580771,0.608922,6,0.0006,4.325397,4.486148,0.11
0.0,5,336,336,raw,0.682199,0.658553,7,0.0006,nan,4.410951,0.11
0.0,5,336,336,revin,0.540889,0.589736,5,0.0006,nan,0.20422,0.13
0.0,5,336,336,cn_oracle,0.393918,0.501174,5,0.0006,nan,0.0,0.08
0.0,5,336,336,cn_est,0.712561,0.673285,7,0.0006,4.325397,4.450699,0.11
0.0,6,96,24,raw,0.210482,0.365553,15,0.0024,nan,0.334806,0.26
0.0,6,96,24,revin,0.2107,0.365674,6,0.0024,nan,0.013365,0.16
0.0,6,96,24,cn_oracle,0.198833,0.355093,5,0.0024,nan,0.0,0.09
0.0,6,96,24,cn_est,0.230684,0.382665,15,0.0024,0.337624,0.343913,0.31
0.0,6,96,96,raw,0.217102,0.370429,12,0.0024,nan,0.335991,0.2
0.0,6,96,96,revin,0.216743,0.370088,5,0.0024,nan,0.017754,0.14
0.0,6,96,96,cn_oracle,0.200107,0.356183,5,0.0024,nan,0.0,0.13
0.0,6,96,96,cn_est,0.236927,0.388017,12,0.0024,0.337624,0.345177,0.19
0.0,6,96,336,raw,0.235237,0.38643,9,0.0024,nan,0.344259,0.15
0.0,6,96,336,revin,0.232466,0.38428,7,0.0024,nan,0.027759,0.2
0.0,6,96,336,cn_oracle,0.201459,0.358115,9,0.0024,nan,0.0,0.17
0.0,6,96,336,cn_est,0.25567,0.403539,9,0.0024,0.337624,0.353323,0.15
0.0,6,336,24,raw,0.2091,0.364928,14,0.0024,nan,0.334806,0.27
0.0,6,336,24,revin,0.210847,0.366835,10,0.0024,nan,0.015701,0.31
0.0,6,336,24,cn_oracle,0.198688,0.356441,9,0.0024,nan,0.0,0.15
0.0,6,336,24,cn_est,0.230465,0.383178,14,0.0024,0.320478,0.343913,0.22
0.0,6,336,96,raw,0.219689,0.374105,9,0.0024,nan,0.335991,0.16
0.0,6,336,96,revin,0.217691,0.372428,6,0.0024,nan,0.018815,0.16
0.0,6,336,96,cn_oracle,0.200998,0.358852,5,0.0024,nan,0.0,0.1
0.0,6,336,96,cn_est,0.240052,0.391883,9,0.0024,0.320478,0.345177,0.17
0.0,6,336,336,raw,0.238151,0.389536,14,0.0024,nan,0.344259,0.27
0.0,6,336,336,revin,0.23683,0.388426,8,0.0024,nan,0.02702,0.23
0.0,6,336,336,cn_oracle,0.203719,0.361063,5,0.0024,nan,0.0,0.1
0.0,6,336,336,cn_est,0.259237,0.407256,14,0.0024,0.320478,0.353323,0.27
0.0,7,96,24,raw,0.615334,0.625041,6,0.0002,nan,8.036962,0.1
0.0,7,96,24,revin,0.577598,0.605588,9,0.0002,nan,0.035564,0.32
0.0,7,96,24,cn_oracle,0.542433,0.585476,9,0.0002,nan,0.0,0.18
0.0,7,96,24,cn_est,0.632451,0.632682,6,0.0002,8.011037,8.040496,0.12
0.0,7,96,96,raw,0.715896,0.677025,11,0.0002,nan,8.019806,0.21
0.0,7,96,96,revin,0.607002,0.621817,6,0.0002,nan,0.053004,0.18
0.0,7,96,96,cn_oracle,0.554695,0.59311,6,0.0002,nan,0.0,0.11
0.0,7,96,96,cn_est,0.737088,0.686346,11,0.0002,8.011037,8.021295,0.23
0.0,7,96,336,raw,0.955895,0.783057,4,0.0002,nan,7.874487,0.08
0.0,7,96,336,revin,0.669444,0.65243,7,0.0002,nan,0.120265,0.21
0.0,7,96,336,cn_oracle,0.563034,0.598124,7,0.0002,nan,0.0,0.12
0.0,7,96,336,cn_est,0.973775,0.789763,4,0.0002,8.011037,7.873606,0.07
0.0,7,336,24,raw,0.783479,0.709907,7,0.0002,nan,8.036962,0.12
0.0,7,336,24,revin,0.579014,0.607477,7,0.0002,nan,0.067707,0.21
0.0,7,336,24,cn_oracle,0.547541,0.59011,7,0.0002,nan,0.0,0.14
0.0,7,336,24,cn_est,0.831392,0.731179,7,0.0002,7.898228,8.040496,0.14
0.0,7,336,96,raw,0.836643,0.731856,8,0.0002,nan,8.019806,0.13
0.0,7,336,96,revin,0.607095,0.621569,6,0.0002,nan,0.084853,0.16
0.0,7,336,96,cn_oracle,0.559751,0.596168,5,0.0002,nan,0.0,0.08
0.0,7,336,96,cn_est,0.872769,0.746278,8,0.0002,7.898228,8.021295,0.13
0.0,7,336,336,raw,1.071391,0.828437,4,0.0002,nan,7.874487,0.09
0.0,7,336,336,revin,0.657136,0.645915,5,0.0002,nan,0.120098,0.19
0.0,7,336,336,cn_oracle,0.565069,0.599665,5,0.0002,nan,0.0,0.09
0.0,7,336,336,cn_est,1.086611,0.833215,4,0.0002,7.898228,7.873606,0.07
0.0,8,96,24,raw,0.29485,0.435742,9,0.0191,nan,0.504228,0.15
0.0,8,96,24,revin,0.294592,0.435372,6,0.0191,nan,0.03669,0.16
0.0,8,96,24,cn_oracle,0.266715,0.415342,6,0.0191,nan,0.0,0.11
0.0,8,96,24,cn_est,0.315308,0.450354,10,0.0191,0.547453,0.521497,0.16
0.0,8,96,96,raw,0.333229,0.464065,7,0.0191,nan,0.498265,0.13
0.0,8,96,96,revin,0.329488,0.46157,11,0.0191,nan,0.062546,0.36
0.0,8,96,96,cn_oracle,0.272407,0.420541,6,0.0191,nan,0.0,0.13
0.0,8,96,96,cn_est,0.352838,0.477643,7,0.0191,0.547453,0.515405,0.14
0.0,8,96,336,raw,0.386125,0.497799,8,0.0191,nan,0.470674,0.15
0.0,8,96,336,revin,0.388548,0.499354,6,0.0191,nan,0.112641,0.17
0.0,8,96,336,cn_oracle,0.274175,0.420686,6,0.0191,nan,0.0,0.1
0.0,8,96,336,cn_est,0.403409,0.509308,8,0.0191,0.547453,0.488768,0.12
0.0,8,336,24,raw,0.295948,0.436849,10,0.0191,nan,0.504228,0.16
0.0,8,336,24,revin,0.300086,0.439554,8,0.0191,nan,0.0651,0.24
0.0,8,336,24,cn_oracle,0.269916,0.41766,5,0.0191,nan,0.0,0.1
0.0,8,336,24,cn_est,0.316514,0.452068,10,0.0191,0.604335,0.521497,0.17
0.0,8,336,96,raw,0.339446,0.4681,7,0.0191,nan,0.498265,0.13
0.0,8,336,96,revin,0.332241,0.463209,5,0.0191,nan,0.081018,0.14
0.0,8,336,96,cn_oracle,0.273931,0.421376,9,0.0191,nan,0.0,0.17
0.0,8,336,96,cn_est,0.360295,0.482598,7,0.0191,0.604335,0.515405,0.14
0.0,8,336,336,raw,0.389847,0.500354,11,0.0191,nan,0.470674,0.21
0.0,8,336,336,revin,0.386657,0.498244,5,0.0191,nan,0.124984,0.15
0.0,8,336,336,cn_oracle,0.273016,0.420646,6,0.0191,nan,0.0,0.11
0.0,8,336,336,cn_est,0.407897,0.512537,11,0.0191,0.604335,0.488768,0.21
0.0,9,96,24,raw,0.421348,0.514228,7,0.0035,nan,3.617705,0.14
0.0,9,96,24,revin,0.405505,0.504257,6,0.0035,nan,0.015863,0.18
0.0,9,96,24,cn_oracle,0.39192,0.494963,6,0.0035,nan,0.0,0.11
0.0,9,96,24,cn_est,0.437143,0.524027,7,0.0035,3.615688,3.645224,0.13
0.0,9,96,96,raw,0.425236,0.516525,8,0.0035,nan,3.620566,0.18
0.0,9,96,96,revin,0.408274,0.50593,7,0.0035,nan,0.018798,0.19
0.0,9,96,96,cn_oracle,0.393664,0.495325,8,0.0035,nan,0.0,0.15
0.0,9,96,96,cn_est,0.440851,0.526439,8,0.0035,3.615688,3.648978,0.14
0.0,9,96,336,raw,0.440803,0.52545,6,0.0035,nan,3.642246,0.1
0.0,9,96,336,revin,0.415428,0.510061,6,0.0035,nan,0.026497,0.16
0.0,9,96,336,cn_oracle,0.396887,0.497769,7,0.0035,nan,0.0,0.14
0.0,9,96,336,cn_est,0.456609,0.535285,6,0.0035,3.615688,3.671199,0.1
0.0,9,336,24,raw,0.456415,0.5354,9,0.0035,nan,3.617705,0.17
0.0,9,336,24,revin,0.400273,0.50048,7,0.0035,nan,0.013947,0.27
0.0,9,336,24,cn_oracle,0.393757,0.496176,7,0.0035,nan,0.0,0.15
0.0,9,336,24,cn_est,0.471033,0.545074,14,0.0035,3.560111,3.645224,0.26
0.0,9,336,96,raw,0.471909,0.545153,10,0.0035,nan,3.620566,0.19
0.0,9,336,96,revin,0.407344,0.505727,5,0.0035,nan,0.016492,0.13
0.0,9,336,96,cn_oracle,0.398808,0.499234,5,0.0035,nan,0.0,0.09
0.0,9,336,96,cn_est,0.488065,0.554523,10,0.0035,3.560111,3.648978,0.19
0.0,9,336,336,raw,0.480907,0.550154,7,0.0035,nan,3.642246,0.17
0.0,9,336,336,revin,0.415553,0.510501,6,0.0035,nan,0.025168,0.2
0.0,9,336,336,cn_oracle,0.402107,0.501195,5,0.0035,nan,0.0,0.11
0.0,9,336,336,cn_est,0.491882,0.556094,7,0.0035,3.560111,3.671199,0.11
0.1,0,96,24,raw,0.597136,0.615575,10,0.106,nan,1.464208,0.18
0.1,0,96,24,revin,0.593505,0.614713,11,0.106,nan,0.414317,0.33
0.1,0,96,24,cn_oracle,0.213,0.369723,7,0.106,nan,0.0,0.13
0.1,0,96,24,cn_est,0.236089,0.388098,15,0.106,1.118001,1.110402,0.28
0.1,0,96,96,raw,0.686748,0.661116,5,0.106,nan,1.467428,0.1
0.1,0,96,96,revin,0.677332,0.657726,6,0.106,nan,0.448486,0.18
0.1,0,96,96,cn_oracle,0.216788,0.3729,6,0.106,nan,0.0,0.12
0.1,0,96,96,cn_est,0.243373,0.394056,8,0.106,1.118001,1.109607,0.17
0.1,0,96,336,raw,0.724183,0.678559,8,0.106,nan,1.458315,0.13
0.1,0,96,336,revin,0.73259,0.682905,10,0.106,nan,0.486913,0.28
0.1,0,96,336,cn_oracle,0.218327,0.374131,9,0.106,nan,0.0,0.15
0.1,0,96,336,cn_est,0.255241,0.403512,12,0.106,1.118001,1.107263,0.2
0.1,0,336,24,raw,0.589725,0.611932,8,0.106,nan,1.464208,0.13
0.1,0,336,24,revin,0.587876,0.611253,8,0.106,nan,0.401291,0.22
0.1,0,336,24,cn_oracle,0.212221,0.368941,6,0.106,nan,0.0,0.14
0.1,0,336,24,cn_est,0.242906,0.393224,8,0.106,1.136839,1.110402,0.16
0.1,0,336,96,raw,0.671348,0.655049,5,0.106,nan,1.467428,0.1
0.1,0,336,96,revin,0.654644,0.64718,6,0.106,nan,0.415861,0.16
0.1,0,336,96,cn_oracle,0.215051,0.371721,7,0.106,nan,0.0,0.13
0.1,0,336,96,cn_est,0.25075,0.400181,6,0.106,1.136839,1.109607,0.1
0.1,0,336,336,raw,0.709876,0.672495,10,0.106,nan,1.458315,0.15
0.1,0,336,336,revin,0.698088,0.667067,7,0.106,nan,0.441553,0.19
0.1,0,336,336,cn_oracle,0.215943,0.373173,5,0.106,nan,0.0,0.08
0.1,0,336,336,cn_est,0.263898,0.410726,7,0.106,1.136839,1.107263,0.13
0.1,1,96,24,raw,0.523538,0.573728,11,0.1329,nan,0.576049,0.21
0.1,1,96,24,revin,0.529836,0.576887,13,0.1329,nan,0.391231,0.38
0.1,1,96,24,cn_oracle,0.17748,0.33538,6,0.1329,nan,0.0,0.12
0.1,1,96,24,cn_est,0.207642,0.362888,11,0.1329,0.263486,0.260277,0.23
0.1,1,96,96,raw,0.564123,0.597807,12,0.1329,nan,0.56779,0.2
0.1,1,96,96,revin,0.574034,0.603417,10,0.1329,nan,0.394302,0.26
0.1,1,96,96,cn_oracle,0.179022,0.337111,6,0.1329,nan,0.0,0.14
0.1,1,96,96,cn_est,0.216667,0.370879,7,0.1329,0.263486,0.256058,0.12
0.1,1,96,336,raw,0.620647,0.627483,12,0.1329,nan,0.554228,0.22
0.1,1,96,336,revin,0.639173,0.636056,9,0.1329,nan,0.451883,0.25
0.1,1,96,336,cn_oracle,0.180168,0.338066,7,0.1329,nan,0.0,0.13
0.1,1,96,336,cn_est,0.233777,0.384756,8,0.1329,0.263486,0.241062,0.16
0.1,1,336,24,raw,0.518887,0.571561,7,0.1329,nan,0.576049,0.13
0.1,1,336,24,revin,0.515694,0.569969,7,0.1329,nan,0.382458,0.31
0.1,1,336,24,cn_oracle,0.178204,0.336064,5,0.1329,nan,0.0,0.09
0.1,1,336,24,cn_est,0.207253,0.362528,10,0.1329,0.270764,0.260277,0.22
0.1,1,336,96,raw,0.57518,0.604155,8,0.1329,nan,0.56779,0.16
0.1,1,336,96,revin,0.588551,0.611704,6,0.1329,nan,0.396273,0.18
0.1,1,336,96,cn_oracle,0.18218,0.339978,6,0.1329,nan,0.0,0.11
0.1,1,336,96,cn_est,0.215977,0.370436,11,0.1329,0.270764,0.256058,0.18
0.1,1,336,336,raw,0.607955,0.621603,7,0.1329,nan,0.554228,0.17
0.1,1,336,336,revin,0.622096,0.628076,6,0.1329,nan,0.428528,0.17
0.1,1,336,336,cn_oracle,0.18123,0.339624,5,0.1329,nan,0.0,0.13
0.1,1,336,336,cn_est,0.231597,0.383379,14,0.1329,0.270764,0.241062,0.22
0.1,2,96,24,raw,0.536343,0.580834,6,0.1529,nan,0.727618,0.1
0.1,2,96,24,revin,0.534723,0.579745,9,0.1529,nan,0.381008,0.26
0.1,2,96,24,cn_oracle,0.186079,0.34307,6,0.1529,nan,0.0,0.12
0.1,2,96,24,cn_est,0.221615,0.375265,8,0.1529,0.464155,0.435573,0.16
0.1,2,96,96,raw,0.581118,0.607131,7,0.1529,nan,0.727628,0.14
0.1,2,96,96,revin,0.589935,0.611915,9,0.1529,nan,0.397156,0.26
0.1,2,96,96,cn_oracle,0.186772,0.342832,6,0.1529,nan,0.0,0.16
0.1,2,96,96,cn_est,0.236787,0.387804,9,0.1529,0.464155,0.431491,0.19
0.1,2,96,336,raw,0.605814,0.623485,15,0.1529,nan,0.700684,0.29
0.1,2,96,336,revin,0.620748,0.632565,10,0.1529,nan,0.418371,0.27
0.1,2,96,336,cn_oracle,0.186145,0.342346,7,0.1529,nan,0.0,0.15
0.1,2,96,336,cn_est,0.265843,0.41119,15,0.1529,0.464155,0.4167,0.27
0.1,2,336,24,raw,0.522874,0.57733,10,0.1529,nan,0.727618,0.17
0.1,2,336,24,revin,0.509901,0.570951,7,0.1529,nan,0.3539,0.21
0.1,2,336,24,cn_oracle,0.184798,0.341436,9,0.1529,nan,0.0,0.19
0.1,2,336,24,cn_est,0.217557,0.370844,10,0.1529,0.563946,0.435573,0.18
0.1,2,336,96,raw,0.569861,0.60426,7,0.1529,nan,0.727628,0.11
0.1,2,336,96,revin,0.580245,0.61005,10,0.1529,nan,0.360318,0.29
0.1,2,336,96,cn_oracle,0.185533,0.341737,7,0.1529,nan,0.0,0.14
0.1,2,336,96,cn_est,0.238074,0.388782,9,0.1529,0.563946,0.431491,0.18
0.1,2,336,336,raw,0.614315,0.629825,7,0.1529,nan,0.700684,0.14
0.1,2,336,336,revin,0.616618,0.631226,5,0.1529,nan,0.377604,0.15
0.1,2,336,336,cn_oracle,0.186508,0.342387,6,0.1529,nan,0.0,0.12
0.1,2,336,336,cn_est,0.267202,0.41248,6,0.1529,0.563946,0.4167,0.12
0.1,3,96,24,raw,1.342079,0.927462,5,0.1091,nan,4.966334,0.1
0.1,3,96,24,revin,0.823176,0.723219,9,0.1091,nan,0.566417,0.27
0.1,3,96,24,cn_oracle,0.300441,0.439251,8,0.1091,nan,0.0,0.17
0.1,3,96,24,cn_est,0.456541,0.541529,6,0.1091,4.528656,4.598483,0.12
0.1,3,96,96,raw,2.334231,1.266932,5,0.1091,nan,4.969369,0.1
0.1,3,96,96,revin,0.898299,0.760073,8,0.1091,nan,0.590577,0.24
0.1,3,96,96,cn_oracle,0.30319,0.442586,9,0.1091,nan,0.0,0.16
0.1,3,96,96,cn_est,0.588221,0.619357,6,0.1091,4.528656,4.622289,0.13
0.1,3,96,336,raw,3.438294,1.593983,4,0.1091,nan,5.058243,0.08
0.1,3,96,336,revin,0.952126,0.782901,6,0.1091,nan,0.636355,0.15
0.1,3,96,336,cn_oracle,0.302923,0.441647,6,0.1091,nan,0.0,0.1
0.1,3,96,336,cn_est,1.07755,0.860996,6,0.1091,4.528656,4.723749,0.1
0.1,3,336,24,raw,1.104352,0.835446,6,0.1091,nan,4.966334,0.1
0.1,3,336,24,revin,0.804518,0.713852,6,0.1091,nan,0.544071,0.17
0.1,3,336,24,cn_oracle,0.298081,0.438446,6,0.1091,nan,0.0,0.1
0.1,3,336,24,cn_est,0.393917,0.502439,6,0.1091,4.359981,4.598483,0.1
0.1,3,336,96,raw,1.782277,1.072665,5,0.1091,nan,4.969369,0.09
0.1,3,336,96,revin,0.872462,0.748711,9,0.1091,nan,0.559101,0.24
0.1,3,336,96,cn_oracle,0.302335,0.441553,6,0.1091,nan,0.0,0.17
0.1,3,336,96,cn_est,0.514296,0.571838,9,0.1091,4.359981,4.622289,0.18
0.1,3,336,336,raw,2.094982,1.18309,7,0.1091,nan,5.058243,0.13
0.1,3,336,336,revin,0.941308,0.780918,5,0.1091,nan,0.60991,0.15
0.1,3,336,336,cn_oracle,0.301334,0.440553,5,0.1091,nan,0.0,0.1
0.1,3,336,336,cn_est,0.973941,0.805009,7,0.1091,4.359981,4.723749,0.14
0.1,4,96,24,raw,0.427126,0.518526,14,0.119,nan,0.61013,0.23
0.1,4,96,24,revin,0.43447,0.522861,8,0.119,nan,0.310514,0.21
0.1,4,96,24,cn_oracle,0.160363,0.319602,8,0.119,nan,0.0,0.15
0.1,4,96,24,cn_est,0.193708,0.351327,10,0.119,0.393079,0.402697,0.17
0.1,4,96,96,raw,0.468465,0.546234,9,0.119,nan,0.605744,0.15
0.1,4,96,96,revin,0.473866,0.548402,9,0.119,nan,0.317714,0.24
0.1,4,96,96,cn_oracle,0.160824,0.320261,7,0.119,nan,0.0,0.16
0.1,4,96,96,cn_est,0.213661,0.368233,15,0.119,0.393079,0.408605,0.3
0.1,4,96,336,raw,0.510799,0.571051,15,0.119,nan,0.612773,0.29
0.1,4,96,336,revin,0.529629,0.579816,8,0.119,nan,0.36795,0.24
0.1,4,96,336,cn_oracle,0.162317,0.320604,6,0.119,nan,0.0,0.12
0.1,4,96,336,cn_est,0.256287,0.400202,12,0.119,0.393079,0.424332,0.22
0.1,4,336,24,raw,0.413934,0.511289,12,0.119,nan,0.61013,0.23
0.1,4,336,24,revin,0.426214,0.518937,5,0.119,nan,0.309454,0.15
0.1,4,336,24,cn_oracle,0.158143,0.316361,6,0.119,nan,0.0,0.12
0.1,4,336,24,cn_est,0.193389,0.350051,11,0.119,0.391325,0.402697,0.22
0.1,4,336,96,raw,0.460232,0.541234,10,0.119,nan,0.605744,0.19
0.1,4,336,96,revin,0.468329,0.545641,6,0.119,nan,0.325024,0.18
0.1,4,336,96,cn_oracle,0.16177,0.319985,5,0.119,nan,0.0,0.1
0.1,4,336,96,cn_est,0.220738,0.3733,9,0.119,0.391325,0.408605,0.16
0.1,4,336,336,raw,0.510549,0.570381,10,0.119,nan,0.612773,0.18
0.1,4,336,336,revin,0.52061,0.574739,6,0.119,nan,0.363894,0.17
0.1,4,336,336,cn_oracle,0.164881,0.322693,5,0.119,nan,0.0,0.09
0.1,4,336,336,cn_est,0.256903,0.400137,13,0.119,0.391325,0.424332,0.2
0.1,5,96,24,raw,0.627146,0.633293,9,0.1629,nan,2.88773,0.14
0.1,5,96,24,revin,0.577299,0.605641,9,0.1629,nan,0.406718,0.28
0.1,5,96,24,cn_oracle,0.246618,0.395786,7,0.1629,nan,0.0,0.14
0.1,5,96,24,cn_est,0.282898,0.425253,11,0.1629,2.272535,2.311115,0.22
0.1,5,96,96,raw,0.696678,0.668082,6,0.1629,nan,2.895223,0.12
0.1,5,96,96,revin,0.663672,0.652002,6,0.1629,nan,0.445006,0.18
0.1,5,96,96,cn_oracle,0.250772,0.399572,6,0.1629,nan,0.0,0.11
0.1,5,96,96,cn_est,0.300885,0.439447,10,0.1629,2.272535,2.320084,0.17
0.1,5,96,336,raw,0.789258,0.714507,5,0.1629,nan,2.94651,0.08
0.1,5,96,336,revin,0.69912,0.672995,13,0.1629,nan,0.475203,0.39
0.1,5,96,336,cn_oracle,0.252673,0.402412,9,0.1629,nan,0.0,0.18
0.1,5,96,336,cn_est,0.357921,0.479366,5,0.1629,2.272535,2.361854,0.09
0.1,5,336,24,raw,0.60519,0.623838,8,0.1629,nan,2.88773,0.2
0.1,5,336,24,revin,0.560192,0.596431,9,0.1629,nan,0.405546,0.36
0.1,5,336,24,cn_oracle,0.247054,0.398256,10,0.1629,nan,0.0,0.2
0.1,5,336,24,cn_est,0.29194,0.432666,6,0.1629,2.208385,2.311115,0.1
0.1,5,336,96,raw,0.677041,0.659633,9,0.1629,nan,2.895223,0.14
0.1,5,336,96,revin,0.635874,0.639881,6,0.1629,nan,0.418863,0.2
0.1,5,336,96,cn_oracle,0.252641,0.402383,5,0.1629,nan,0.0,0.09
0.1,5,336,96,cn_est,0.327481,0.457911,5,0.1629,2.208385,2.320084,0.1
0.1,5,336,336,raw,0.767138,0.704042,8,0.1629,nan,2.94651,0.15
0.1,5,336,336,revin,0.666592,0.657939,9,0.1629,nan,0.437463,0.26
0.1,5,336,336,cn_oracle,0.252364,0.402026,7,0.1629,nan,0.0,0.13
0.1,5,336,336,cn_est,0.377332,0.491962,8,0.1629,2.208385,2.361854,0.13
0.1,6,96,24,raw,1.168663,0.860701,6,0.129,nan,5.01169,0.1
0.1,6,96,24,revin,0.789697,0.702619,7,0.129,nan,0.546937,0.22
0.1,6,96,24,cn_oracle,0.31949,0.449256,9,0.129,nan,0.0,0.16
0.1,6,96,24,cn_est,0.39283,0.498279,11,0.129,4.128824,4.206513,0.25
0.1,6,96,96,raw,1.546726,1.00429,4,0.129,nan,4.987012,0.08
0.1,6,96,96,revin,0.890961,0.752413,7,0.129,nan,0.608839,0.18
0.1,6,96,96,cn_oracle,0.321346,0.45022,8,0.129,nan,0.0,0.13
0.1,6,96,96,cn_est,0.446555,0.530611,6,0.129,4.128824,4.186669,0.13
0.1,6,96,336,raw,1.994545,1.162707,4,0.129,nan,4.96829,0.07
0.1,6,96,336,revin,0.91174,0.762026,8,0.129,nan,0.611483,0.26
0.1,6,96,336,cn_oracle,0.317066,0.44845,6,0.129,nan,0.0,0.09
0.1,6,96,336,cn_est,0.750508,0.700707,6,0.129,4.128824,4.150139,0.1
0.1,6,336,24,raw,0.922023,0.760684,5,0.129,nan,5.01169,0.08
0.1,6,336,24,revin,0.771665,0.694929,5,0.129,nan,0.52925,0.13
0.1,6,336,24,cn_oracle,0.317769,0.448448,11,0.129,nan,0.0,0.17
0.1,6,336,24,cn_est,0.430177,0.521447,4,0.129,3.940287,4.206513,0.07
0.1,6,336,96,raw,1.17052,0.857828,8,0.129,nan,4.987012,0.13
0.1,6,336,96,revin,0.846928,0.731663,6,0.129,nan,0.542494,0.23
0.1,6,336,96,cn_oracle,0.319329,0.449611,8,0.129,nan,0.0,0.15
0.1,6,336,96,cn_est,0.522181,0.574669,7,0.129,3.940287,4.186669,0.17
0.1,6,336,336,raw,1.723319,1.063104,6,0.129,nan,4.96829,0.1
0.1,6,336,336,revin,0.880528,0.748228,5,0.129,nan,0.555866,0.14
0.1,6,336,336,cn_oracle,0.316033,0.447386,5,0.129,nan,0.0,0.09
0.1,6,336,336,cn_est,0.66421,0.649604,6,0.129,3.940287,4.150139,0.17
0.1,7,96,24,raw,0.810914,0.713095,5,0.1436,nan,2.518229,0.09
0.1,7,96,24,revin,0.746517,0.679371,7,0.1436,nan,0.549103,0.18
0.1,7,96,24,cn_oracle,0.252228,0.400016,7,0.1436,nan,0.0,0.14
0.1,7,96,24,cn_est,0.295451,0.434276,6,0.1436,2.030349,2.027923,0.1
0.1,7,96,96,raw,0.895947,0.753304,9,0.1436,nan,2.546819,0.16
0.1,7,96,96,revin,0.879687,0.743626,7,0.1436,nan,0.619123,0.18
0.1,7,96,96,cn_oracle,0.253882,0.401378,6,0.1436,nan,0.0,0.11
0.1,7,96,96,cn_est,0.311119,0.446146,8,0.1436,2.030349,2.04912,0.13
0.1,7,96,336,raw,1.042416,0.818343,7,0.1436,nan,2.594664,0.12
0.1,7,96,336,revin,0.903669,0.752147,9,0.1436,nan,0.632545,0.36
0.1,7,96,336,cn_oracle,0.256119,0.403045,5,0.1436,nan,0.0,0.11
0.1,7,96,336,cn_est,0.363393,0.480394,5,0.1436,2.030349,2.11634,0.08
0.1,7,336,24,raw,0.764429,0.693872,6,0.1436,nan,2.518229,0.1
0.1,7,336,24,revin,0.730877,0.676222,6,0.1436,nan,0.521656,0.16
0.1,7,336,24,cn_oracle,0.254067,0.40099,5,0.1436,nan,0.0,0.1
0.1,7,336,24,cn_est,0.318525,0.451433,10,0.1436,2.018285,2.027923,0.2
0.1,7,336,96,raw,0.891364,0.749223,6,0.1436,nan,2.546819,0.11
0.1,7,336,96,revin,0.829724,0.722338,7,0.1436,nan,0.545445,0.21
0.1,7,336,96,cn_oracle,0.257001,0.403691,6,0.1436,nan,0.0,0.11
0.1,7,336,96,cn_est,0.355707,0.476643,10,0.1436,2.018285,2.04912,0.21
0.1,7,336,336,raw,0.952156,0.774623,7,0.1436,nan,2.594664,0.15
0.1,7,336,336,revin,0.868054,0.737869,6,0.1436,nan,0.58169,0.17
0.1,7,336,336,cn_oracle,0.255663,0.402695,6,0.1436,nan,0.0,0.12
0.1,7,336,336,cn_est,0.388914,0.497926,7,0.1436,2.018285,2.11634,0.14
0.1,8,96,24,raw,0.405584,0.504808,13,0.1265,nan,0.463892,0.25
0.1,8,96,24,revin,0.411041,0.508458,8,0.1265,nan,0.284347,0.24
0.1,8,96,24,cn_oracle,0.146087,0.305952,8,0.1265,nan,0.0,0.13
0.1,8,96,24,cn_est,0.168546,0.328147,13,0.1265,0.228779,0.234487,0.22
0.1,8,96,96,raw,0.458701,0.539358,9,0.1265,nan,0.465214,0.15
0.1,8,96,96,revin,0.47081,0.546204,9,0.1265,nan,0.309579,0.27
0.1,8,96,96,cn_oracle,0.147092,0.30726,13,0.1265,nan,0.0,0.21
0.1,8,96,96,cn_est,0.176781,0.335521,11,0.1265,0.228779,0.237747,0.21
0.1,8,96,336,raw,0.485437,0.554354,12,0.1265,nan,0.475036,0.23
0.1,8,96,336,revin,0.503283,0.564085,7,0.1265,nan,0.340246,0.21
0.1,8,96,336,cn_oracle,0.146973,0.30698,7,0.1265,nan,0.0,0.14
0.1,8,96,336,cn_est,0.188627,0.345579,10,0.1265,0.228779,0.247212,0.2
0.1,8,336,24,raw,0.399382,0.501337,13,0.1265,nan,0.463892,0.24
0.1,8,336,24,revin,0.405087,0.504971,12,0.1265,nan,0.277792,0.33
0.1,8,336,24,cn_oracle,0.14591,0.305314,8,0.1265,nan,0.0,0.13
0.1,8,336,24,cn_est,0.168815,0.326634,15,0.1265,0.219033,0.234487,0.23
0.1,8,336,96,raw,0.455536,0.536883,15,0.1265,nan,0.465214,0.31
0.1,8,336,96,revin,0.457828,0.53782,7,0.1265,nan,0.28855,0.18
0.1,8,336,96,cn_oracle,0.148054,0.307793,5,0.1265,nan,0.0,0.08
0.1,8,336,96,cn_est,0.178154,0.335692,15,0.1265,0.219033,0.237747,0.26
0.1,8,336,336,raw,0.476543,0.548854,8,0.1265,nan,0.475036,0.14
0.1,8,336,336,revin,0.487475,0.554618,8,0.1265,nan,0.313615,0.22
0.1,8,336,336,cn_oracle,0.149406,0.309517,6,0.1265,nan,0.0,0.13
0.1,8,336,336,cn_est,0.19113,0.347662,13,0.1265,0.219033,0.247212,0.22
0.1,9,96,24,raw,0.632268,0.632605,14,0.1452,nan,2.458844,0.22
0.1,9,96,24,revin,0.565032,0.596199,14,0.1452,nan,0.392536,0.36
0.1,9,96,24,cn_oracle,0.204667,0.36173,11,0.1452,nan,0.0,0.19
0.1,9,96,24,cn_est,0.233779,0.387034,12,0.1452,1.856625,1.890129,0.2
0.1,9,96,96,raw,0.702421,0.667851,13,0.1452,nan,2.471635,0.21
0.1,9,96,96,revin,0.614776,0.625252,11,0.1452,nan,0.407699,0.33
0.1,9,96,96,cn_oracle,0.204956,0.362324,7,0.1452,nan,0.0,0.17
0.1,9,96,96,cn_est,0.245969,0.395894,12,0.1452,1.856625,1.900986,0.2
0.1,9,96,336,raw,0.777468,0.706832,6,0.1452,nan,2.487302,0.11
0.1,9,96,336,revin,0.66004,0.649193,12,0.1452,nan,0.447958,0.37
0.1,9,96,336,cn_oracle,0.205496,0.363036,6,0.1452,nan,0.0,0.12
0.1,9,96,336,cn_est,0.275139,0.418483,11,0.1452,1.856625,1.930713,0.18
0.1,9,336,24,raw,0.580289,0.606924,6,0.1452,nan,2.458844,0.11
0.1,9,336,24,revin,0.561047,0.596451,6,0.1452,nan,0.390228,0.17
0.1,9,336,24,cn_oracle,0.203367,0.360475,5,0.1452,nan,0.0,0.1
0.1,9,336,24,cn_est,0.239695,0.390656,14,0.1452,1.772726,1.890129,0.26
0.1,9,336,96,raw,0.659679,0.648344,9,0.1452,nan,2.471635,0.17
0.1,9,336,96,revin,0.609251,0.623062,9,0.1452,nan,0.399616,0.26
0.1,9,336,96,cn_oracle,0.205072,0.362295,6,0.1452,nan,0.0,0.1
0.1,9,336,96,cn_est,0.262826,0.409016,15,0.1452,1.772726,1.900986,0.25
0.1,9,336,336,raw,0.762307,0.69958,7,0.1452,nan,2.487302,0.11
0.1,9,336,336,revin,0.630627,0.634671,7,0.1452,nan,0.414675,0.2
0.1,9,336,336,cn_oracle,0.20721,0.365123,6,0.1452,nan,0.0,0.12
0.1,9,336,336,cn_est,0.305321,0.441101,14,0.1452,1.772726,1.930713,0.22
0.2,0,96,24,raw,0.919602,0.754468,6,0.1211,nan,2.634153,0.1
0.2,0,96,24,revin,0.807267,0.710666,9,0.1211,nan,0.670854,0.24
0.2,0,96,24,cn_oracle,0.197324,0.356145,8,0.1211,nan,0.0,0.13
0.2,0,96,24,cn_est,0.222805,0.379261,10,0.1211,2.101589,2.095205,0.2
0.2,0,96,96,raw,1.30816,0.912229,8,0.1211,nan,2.631598,0.14
0.2,0,96,96,revin,0.886529,0.748302,8,0.1211,nan,0.682714,0.23
0.2,0,96,96,cn_oracle,0.201617,0.360282,5,0.1211,nan,0.0,0.1
0.2,0,96,96,cn_est,0.245943,0.397237,6,0.1211,2.101589,2.09822,0.1
0.2,0,96,336,raw,1.613972,1.033203,12,0.1211,nan,2.681281,0.22
0.2,0,96,336,revin,0.942948,0.777124,8,0.1211,nan,0.723485,0.22
0.2,0,96,336,cn_oracle,0.201126,0.359844,6,0.1211,nan,0.0,0.1
0.2,0,96,336,cn_est,0.289473,0.42848,11,0.1211,2.101589,2.102758,0.2
0.2,0,336,24,raw,0.905894,0.755631,5,0.1211,nan,2.634153,0.09
0.2,0,336,24,revin,0.779685,0.703513,7,0.1211,nan,0.653425,0.18
0.2,0,336,24,cn_oracle,0.199592,0.358118,5,0.1211,nan,0.0,0.08
0.2,0,336,24,cn_est,0.255502,0.405634,10,0.1211,2.098655,2.095205,0.16
0.2,0,336,96,raw,1.020363,0.804796,4,0.1211,nan,2.631598,0.13
0.2,0,336,96,revin,0.86483,0.742569,8,0.1211,nan,0.671225,0.25
0.2,0,336,96,cn_oracle,0.201337,0.359784,5,0.1211,nan,0.0,0.16
0.2,0,336,96,cn_est,0.293101,0.432748,5,0.1211,2.098655,2.09822,0.09
0.2,0,336,336,raw,1.194855,0.877043,9,0.1211,nan,2.681281,0.21
0.2,0,336,336,revin,0.920717,0.770958,8,0.1211,nan,0.699442,0.27
0.2,0,336,336,cn_oracle,0.201533,0.360221,6,0.1211,nan,0.0,0.1
0.2,0,336,336,cn_est,0.355001,0.475231,5,0.1211,2.098655,2.102758,0.1
0.2,1,96,24,raw,0.533863,0.579178,6,0.2819,nan,0.578191,0.1
0.2,1,96,24,revin,0.531564,0.578259,12,0.2819,nan,0.476057,0.33
0.2,1,96,24,cn_oracle,0.118428,0.273901,9,0.2819,nan,0.0,0.18
0.2,1,96,24,cn_est,0.132741,0.289396,14,0.2819,0.132965,0.135102,0.23
0.2,1,96,96,raw,0.599532,0.616994,12,0.2819,nan,0.577831,0.2
0.2,1,96,96,revin,0.621603,0.629255,5,0.2819,nan,0.496915,0.15
0.2,1,96,96,cn_oracle,0.120255,0.276385,9,0.2819,nan,0.0,0.15
0.2,1,96,96,cn_est,0.134065,0.291044,15,0.2819,0.132965,0.13612,0.26
0.2,1,96,336,raw,0.622294,0.628668,8,0.2819,nan,0.574188,0.16
0.2,1,96,336,revin,0.646994,0.640937,5,0.2819,nan,0.512164,0.14
0.2,1,96,336,cn_oracle,0.12029,0.276414,7,0.2819,nan,0.0,0.12
0.2,1,96,336,cn_est,0.13572,0.29362,15,0.2819,0.132965,0.139242,0.26
0.2,1,336,24,raw,0.513349,0.567594,10,0.2819,nan,0.578191,0.19
0.2,1,336,24,revin,0.517964,0.570328,10,0.2819,nan,0.441029,0.27
0.2,1,336,24,cn_oracle,0.120547,0.276989,6,0.2819,nan,0.0,0.12
0.2,1,336,24,cn_est,0.132742,0.289741,15,0.2819,0.127317,0.135102,0.26
0.2,1,336,96,raw,0.581254,0.605708,6,0.2819,nan,0.577831,0.1
0.2,1,336,96,revin,0.586889,0.608757,7,0.2819,nan,0.453791,0.2
0.2,1,336,96,cn_oracle,0.121282,0.277834,7,0.2819,nan,0.0,0.11
0.2,1,336,96,cn_est,0.133226,0.290996,14,0.2819,0.127317,0.13612,0.22
0.2,1,336,336,raw,0.601608,0.618283,10,0.2819,nan,0.574188,0.18
0.2,1,336,336,revin,0.622425,0.627561,7,0.2819,nan,0.477341,0.2
0.2,1,336,336,cn_oracle,0.120747,0.276796,6,0.2819,nan,0.0,0.09
0.2,1,336,336,cn_est,0.135403,0.293523,12,0.2819,0.127317,0.139242,0.2
0.2,2,96,24,raw,1.137578,0.847952,6,0.2529,nan,3.004597,0.09
0.2,2,96,24,revin,0.843044,0.732347,11,0.2529,nan,0.718182,0.28
0.2,2,96,24,cn_oracle,0.201635,0.355122,6,0.2529,nan,0.0,0.1
0.2,2,96,24,cn_est,0.228267,0.379022,11,0.2529,2.213629,2.205414,0.19
0.2,2,96,96,raw,1.388073,0.945629,8,0.2529,nan,2.984969,0.16
0.2,2,96,96,revin,0.982475,0.792635,13,0.2529,nan,0.768506,0.38
0.2,2,96,96,cn_oracle,0.204231,0.358218,6,0.2529,nan,0.0,0.1
0.2,2,96,96,cn_est,0.261652,0.406073,5,0.2529,2.213629,2.193914,0.11
0.2,2,96,336,raw,1.469961,0.977478,7,0.2529,nan,2.934613,0.12
0.2,2,96,336,revin,1.001053,0.79663,10,0.2529,nan,0.758928,0.27
0.2,2,96,336,cn_oracle,0.204232,0.358801,8,0.2529,nan,0.0,0.13
0.2,2,96,336,cn_est,0.289839,0.426991,7,0.2529,2.213629,2.17137,0.12
0.2,2,336,24,raw,0.862094,0.740071,5,0.2529,nan,3.004597,0.15
0.2,2,336,24,revin,0.830435,0.725746,5,0.2529,nan,0.657395,0.15
0.2,2,336,24,cn_oracle,0.20332,0.358146,5,0.2529,nan,0.0,0.1
0.2,2,336,24,cn_est,0.264315,0.407594,5,0.2529,2.209506,2.205414,0.1
0.2,2,336,96,raw,1.010863,0.801025,4,0.2529,nan,2.984969,0.08
0.2,2,336,96,revin,0.916987,0.760781,9,0.2529,nan,0.667187,0.25
0.2,2,336,96,cn_oracle,0.205617,0.36079,5,0.2529,nan,0.0,0.09
0.2,2,336,96,cn_est,0.300216,0.436589,5,0.2529,2.209506,2.193914,0.08
0.2,2,336,336,raw,1.171774,0.862898,12,0.2529,nan,2.934613,0.23
0.2,2,336,336,revin,0.980699,0.79038,6,0.2529,nan,0.685887,0.17
0.2,2,336,336,cn_oracle,0.206262,0.361468,6,0.2529,nan,0.0,0.1
0.2,2,336,336,cn_est,0.341019,0.464305,5,0.2529,2.209506,2.17137,0.08
0.2,3,96,24,raw,0.693587,0.657185,8,0.195,nan,0.704293,0.15
0.2,3,96,24,revin,0.707588,0.6636,11,0.195,nan,0.670449,0.32
0.2,3,96,24,cn_oracle,0.152422,0.310254,5,0.195,nan,0.0,0.1
0.2,3,96,24,cn_est,0.167248,0.324386,10,0.195,0.166463,0.162952,0.17
0.2,3,96,96,raw,0.787672,0.702924,5,0.195,nan,0.711765,0.08
0.2,3,96,96,revin,0.811816,0.714981,9,0.195,nan,0.673394,0.23
0.2,3,96,96,cn_oracle,0.154798,0.312769,6,0.195,nan,0.0,0.1
0.2,3,96,96,cn_est,0.182808,0.337865,7,0.195,0.166463,0.164345,0.13
0.2,3,96,336,raw,0.804124,0.709516,10,0.195,nan,0.715412,0.19
0.2,3,96,336,revin,0.833059,0.7228,9,0.195,nan,0.695071,0.25
0.2,3,96,336,cn_oracle,0.155239,0.312748,8,0.195,nan,0.0,0.13
0.2,3,96,336,cn_est,0.218113,0.369368,8,0.195,0.166463,0.168571,0.13
0.2,3,336,24,raw,0.697122,0.660282,5,0.195,nan,0.704293,0.11
0.2,3,336,24,revin,0.702156,0.661824,8,0.195,nan,0.614298,0.24
0.2,3,336,24,cn_oracle,0.154425,0.312033,11,0.195,nan,0.0,0.22
0.2,3,336,24,cn_est,0.169111,0.326358,11,0.195,0.183382,0.162952,0.21
0.2,3,336,96,raw,0.7807,0.69851,6,0.195,nan,0.711765,0.12
0.2,3,336,96,revin,0.775587,0.696131,9,0.195,nan,0.622517,0.27
0.2,3,336,96,cn_oracle,0.157664,0.315483,7,0.195,nan,0.0,0.14
0.2,3,336,96,cn_est,0.185446,0.340713,8,0.195,0.183382,0.164345,0.16
0.2,3,336,336,raw,0.801064,0.706271,6,0.195,nan,0.715412,0.12
0.2,3,336,336,revin,0.820444,0.71508,11,0.195,nan,0.65383,0.31
0.2,3,336,336,cn_oracle,0.157937,0.315652,5,0.195,nan,0.0,0.1
0.2,3,336,336,cn_est,0.22043,0.371519,10,0.195,0.183382,0.168571,0.17
0.2,4,96,24,raw,0.796192,0.703026,9,0.1949,nan,2.061255,0.15
0.2,4,96,24,revin,0.77324,0.69344,13,0.1949,nan,0.722582,0.36
0.2,4,96,24,cn_oracle,0.174541,0.330555,7,0.1949,nan,0.0,0.13
0.2,4,96,24,cn_est,0.197381,0.351598,9,0.1949,1.370114,1.380748,0.19
0.2,4,96,96,raw,0.955402,0.772336,9,0.1949,nan,2.047714,0.18
0.2,4,96,96,revin,0.942044,0.76843,8,0.1949,nan,0.777383,0.24
0.2,4,96,96,cn_oracle,0.17702,0.333047,9,0.1949,nan,0.0,0.2
0.2,4,96,96,cn_est,0.211253,0.364625,15,0.1949,1.370114,1.375136,0.29
0.2,4,96,336,raw,1.060437,0.819751,10,0.1949,nan,2.023225,0.2
0.2,4,96,336,revin,0.99086,0.793415,12,0.1949,nan,0.805242,0.35
0.2,4,96,336,cn_oracle,0.178511,0.335279,8,0.1949,nan,0.0,0.14
0.2,4,96,336,cn_est,0.232043,0.38356,10,0.1949,1.370114,1.359714,0.21
0.2,4,336,24,raw,0.76383,0.690412,6,0.1949,nan,2.061255,0.14
0.2,4,336,24,revin,0.767666,0.691278,6,0.1949,nan,0.673753,0.23
0.2,4,336,24,cn_oracle,0.175628,0.332136,7,0.1949,nan,0.0,0.15
0.2,4,336,24,cn_est,0.207752,0.361137,7,0.1949,1.322789,1.380748,0.12
0.2,4,336,96,raw,0.968491,0.781042,8,0.1949,nan,2.047714,0.15
0.2,4,336,96,revin,0.910589,0.757243,8,0.1949,nan,0.69432,0.22
0.2,4,336,96,cn_oracle,0.179708,0.336534,6,0.1949,nan,0.0,0.1
0.2,4,336,96,cn_est,0.22718,0.378732,11,0.1949,1.322789,1.375136,0.19
0.2,4,336,336,raw,0.980693,0.788571,6,0.1949,nan,2.023225,0.11
0.2,4,336,336,revin,0.935851,0.770999,7,0.1949,nan,0.704056,0.18
0.2,4,336,336,cn_oracle,0.180879,0.338152,5,0.1949,nan,0.0,0.1
0.2,4,336,336,cn_est,0.242457,0.39143,14,0.1949,1.322789,1.359714,0.24
0.2,5,96,24,raw,0.712185,0.663708,8,0.2835,nan,1.743771,0.13
0.2,5,96,24,revin,0.664918,0.642782,9,0.2835,nan,0.603463,0.34
0.2,5,96,24,cn_oracle,0.161791,0.320856,5,0.2835,nan,0.0,0.1
0.2,5,96,24,cn_est,0.182067,0.341452,14,0.2835,1.054264,1.074727,0.23
0.2,5,96,96,raw,0.839247,0.727991,9,0.2835,nan,1.738927,0.15
0.2,5,96,96,revin,0.789518,0.706565,6,0.2835,nan,0.652878,0.18
0.2,5,96,96,cn_oracle,0.162456,0.321541,7,0.2835,nan,0.0,0.12
0.2,5,96,96,cn_est,0.196563,0.354462,9,0.2835,1.054264,1.064506,0.16
0.2,5,96,336,raw,0.929638,0.769677,15,0.2835,nan,1.698613,0.24
0.2,5,96,336,revin,0.852972,0.732685,9,0.2835,nan,0.69951,0.23
0.2,5,96,336,cn_oracle,0.161647,0.321122,7,0.2835,nan,0.0,0.12
0.2,5,96,336,cn_est,0.231641,0.384568,10,0.2835,1.054264,1.055985,0.17
0.2,5,336,24,raw,0.68001,0.654966,8,0.2835,nan,1.743771,0.16
0.2,5,336,24,revin,0.647513,0.636892,5,0.2835,nan,0.58002,0.15
0.2,5,336,24,cn_oracle,0.160999,0.320141,7,0.2835,nan,0.0,0.13
0.2,5,336,24,cn_est,0.185419,0.344088,10,0.2835,0.999597,1.074727,0.2
0.2,5,336,96,raw,0.809708,0.716981,7,0.2835,nan,1.738927,0.13
0.2,5,336,96,revin,0.754969,0.689532,9,0.2835,nan,0.60092,0.26
0.2,5,336,96,cn_oracle,0.162688,0.322131,9,0.2835,nan,0.0,0.15
0.2,5,336,96,cn_est,0.209899,0.366351,8,0.2835,0.999597,1.064506,0.13
0.2,5,336,336,raw,0.877803,0.746786,10,0.2835,nan,1.698613,0.16
0.2,5,336,336,revin,0.814239,0.71479,7,0.2835,nan,0.613655,0.2
0.2,5,336,336,cn_oracle,0.162669,0.322353,5,0.2835,nan,0.0,0.11
0.2,5,336,336,cn_est,0.24298,0.393623,9,0.2835,0.999597,1.055985,0.14
0.2,6,96,24,raw,0.597633,0.617176,10,0.2426,nan,0.573708,0.17
0.2,6,96,24,revin,0.602404,0.619066,15,0.2426,nan,0.517694,0.38
0.2,6,96,24,cn_oracle,0.143874,0.304781,13,0.2426,nan,0.0,0.21
0.2,6,96,24,cn_est,0.165609,0.324497,14,0.2426,0.081154,0.075413,0.23
0.2,6,96,96,raw,0.662247,0.651781,8,0.2426,nan,0.570691,0.13
0.2,6,96,96,revin,0.681018,0.660747,9,0.2426,nan,0.53606,0.33
0.2,6,96,96,cn_oracle,0.144624,0.30522,8,0.2426,nan,0.0,0.14
0.2,6,96,96,cn_est,0.174489,0.333462,9,0.2426,0.081154,0.074298,0.17
0.2,6,96,336,raw,0.703186,0.673688,11,0.2426,nan,0.562027,0.19
0.2,6,96,336,revin,0.737066,0.689979,8,0.2426,nan,0.582453,0.23
0.2,6,96,336,cn_oracle,0.146697,0.307729,6,0.2426,nan,0.0,0.12
0.2,6,96,336,cn_est,0.19627,0.355358,15,0.2426,0.081154,0.070572,0.27
0.2,6,336,24,raw,0.586813,0.609292,11,0.2426,nan,0.573708,0.2
0.2,6,336,24,revin,0.586723,0.608255,9,0.2426,nan,0.501086,0.26
0.2,6,336,24,cn_oracle,0.144431,0.304301,6,0.2426,nan,0.0,0.11
0.2,6,336,24,cn_est,0.167075,0.326066,9,0.2426,0.093092,0.075413,0.15
0.2,6,336,96,raw,0.646055,0.642493,8,0.2426,nan,0.570691,0.13
0.2,6,336,96,revin,0.654232,0.647012,7,0.2426,nan,0.509439,0.18
0.2,6,336,96,cn_oracle,0.146991,0.307239,5,0.2426,nan,0.0,0.13
0.2,6,336,96,cn_est,0.176832,0.335707,9,0.2426,0.093092,0.074298,0.19
0.2,6,336,336,raw,0.69005,0.667228,6,0.2426,nan,0.562027,0.13
0.2,6,336,336,revin,0.705341,0.674863,6,0.2426,nan,0.531309,0.16
0.2,6,336,336,cn_oracle,0.14825,0.309611,6,0.2426,nan,0.0,0.13
0.2,6,336,336,cn_est,0.200121,0.358837,11,0.2426,0.093092,0.070572,0.2
0.2,7,96,24,raw,0.867642,0.737182,8,0.1996,nan,2.337055,0.16
0.2,7,96,24,revin,0.794707,0.706392,12,0.1996,nan,0.657157,0.34
0.2,7,96,24,cn_oracle,0.203085,0.35704,7,0.1996,nan,0.0,0.12
0.2,7,96,24,cn_est,0.2353,0.385882,6,0.1996,1.675512,1.67401,0.12
0.2,7,96,96,raw,1.055745,0.822293,7,0.1996,nan,2.33214,0.15
0.2,7,96,96,revin,0.935038,0.770353,14,0.1996,nan,0.70957,0.42
0.2,7,96,96,cn_oracle,0.20703,0.360671,6,0.1996,nan,0.0,0.12
0.2,7,96,96,cn_est,0.251704,0.399382,7,0.1996,1.675512,1.685197,0.16
0.2,7,96,336,raw,1.285188,0.914863,4,0.1996,nan,2.364768,0.08
0.2,7,96,336,revin,0.951226,0.781017,9,0.1996,nan,0.729645,0.33
0.2,7,96,336,cn_oracle,0.209401,0.363127,9,0.1996,nan,0.0,0.16
0.2,7,96,336,cn_est,0.279428,0.421139,5,0.1996,1.675512,1.720565,0.13
0.2,7,336,24,raw,0.790064,0.705409,6,0.1996,nan,2.337055,0.11
0.2,7,336,24,revin,0.766654,0.693868,6,0.1996,nan,0.632977,0.17
0.2,7,336,24,cn_oracle,0.205886,0.360472,10,0.1996,nan,0.0,0.17
0.2,7,336,24,cn_est,0.255759,0.40301,8,0.1996,1.673818,1.67401,0.14
0.2,7,336,96,raw,0.930826,0.770747,4,0.1996,nan,2.33214,0.12
0.2,7,336,96,revin,0.860094,0.7393,8,0.1996,nan,0.636962,0.21
0.2,7,336,96,cn_oracle,0.207994,0.362235,5,0.1996,nan,0.0,0.09
0.2,7,336,96,cn_est,0.271637,0.415793,5,0.1996,1.673818,1.685197,0.09
0.2,7,336,336,raw,1.05164,0.819593,4,0.1996,nan,2.364768,0.07
0.2,7,336,336,revin,0.894139,0.754113,6,0.1996,nan,0.653852,0.16
0.2,7,336,336,cn_oracle,0.209144,0.363345,6,0.1996,nan,0.0,0.1
0.2,7,336,336,cn_est,0.306876,0.441819,4,0.1996,1.673818,1.720565,0.08
0.2,8,96,24,raw,0.58245,0.606849,13,0.1094,nan,0.563726,0.25
0.2,8,96,24,revin,0.590897,0.611809,7,0.1094,nan,0.514165,0.21
0.2,8,96,24,cn_oracle,0.138984,0.296482,8,0.1094,nan,0.0,0.13
0.2,8,96,24,cn_est,0.160718,0.316903,11,0.1094,0.12184,0.112815,0.18
0.2,8,96,96,raw,0.651635,0.644521,12,0.1094,nan,0.569553,0.19
0.2,8,96,96,revin,0.671776,0.65514,12,0.1094,nan,0.539724,0.34
0.2,8,96,96,cn_oracle,0.141576,0.298927,6,0.1094,nan,0.0,0.12
0.2,8,96,96,cn_est,0.164839,0.322436,12,0.1094,0.12184,0.111179,0.23
0.2,8,96,336,raw,0.696901,0.667849,11,0.1094,nan,0.577666,0.17
0.2,8,96,336,revin,0.731172,0.683943,8,0.1094,nan,0.585971,0.24
0.2,8,96,336,cn_oracle,0.143575,0.300739,8,0.1094,nan,0.0,0.14
0.2,8,96,336,cn_est,0.18505,0.342885,13,0.1094,0.12184,0.105685,0.21
0.2,8,336,24,raw,0.586564,0.611162,11,0.1094,nan,0.563726,0.2
0.2,8,336,24,revin,0.596731,0.617661,6,0.1094,nan,0.499199,0.19
0.2,8,336,24,cn_oracle,0.140701,0.298292,5,0.1094,nan,0.0,0.09
0.2,8,336,24,cn_est,0.161366,0.318081,10,0.1094,0.142238,0.112815,0.19
0.2,8,336,96,raw,0.657407,0.649444,12,0.1094,nan,0.569553,0.19
0.2,8,336,96,revin,0.676932,0.658534,11,0.1094,nan,0.520589,0.29
0.2,8,336,96,cn_oracle,0.142739,0.300069,8,0.1094,nan,0.0,0.14
0.2,8,336,96,cn_est,0.168407,0.326334,14,0.1094,0.142238,0.111179,0.22
0.2,8,336,336,raw,0.701598,0.667736,10,0.1094,nan,0.577666,0.16
0.2,8,336,336,revin,0.723477,0.678546,6,0.1094,nan,0.56536,0.15
0.2,8,336,336,cn_oracle,0.143456,0.301052,5,0.1094,nan,0.0,0.09
0.2,8,336,336,cn_est,0.188039,0.345664,15,0.1094,0.142238,0.105685,0.23
0.2,9,96,24,raw,0.964293,0.791033,4,0.1756,nan,1.885147,0.06
0.2,9,96,24,revin,0.832387,0.728971,7,0.1756,nan,0.736109,0.18
0.2,9,96,24,cn_oracle,0.207056,0.360654,9,0.1756,nan,0.0,0.23
0.2,9,96,24,cn_est,0.235503,0.384691,5,0.1756,1.203109,1.17995,0.1
0.2,9,96,96,raw,1.138936,0.85997,8,0.1756,nan,1.880805,0.16
0.2,9,96,96,revin,1.034423,0.811976,7,0.1756,nan,0.820582,0.21
0.2,9,96,96,cn_oracle,0.209443,0.362915,8,0.1756,nan,0.0,0.16
0.2,9,96,96,cn_est,0.247883,0.394987,5,0.1756,1.203109,1.172319,0.09
0.2,9,96,336,raw,1.271196,0.911775,6,0.1756,nan,1.828303,0.1
0.2,9,96,336,revin,1.090082,0.839549,9,0.1756,nan,0.860681,0.24
0.2,9,96,336,cn_oracle,0.207357,0.361033,6,0.1756,nan,0.0,0.1
0.2,9,96,336,cn_est,0.255259,0.401529,5,0.1756,1.203109,1.147121,0.08
0.2,9,336,24,raw,0.832627,0.728519,6,0.1756,nan,1.885147,0.1
0.2,9,336,24,revin,0.79317,0.71128,10,0.1756,nan,0.70321,0.29
0.2,9,336,24,cn_oracle,0.207694,0.3627,7,0.1756,nan,0.0,0.12
0.2,9,336,24,cn_est,0.245479,0.394082,5,0.1756,1.254084,1.17995,0.1
0.2,9,336,96,raw,1.096729,0.84107,4,0.1756,nan,1.880805,0.1
0.2,9,336,96,revin,0.946367,0.780538,7,0.1756,nan,0.721492,0.18
0.2,9,336,96,cn_oracle,0.208461,0.363096,6,0.1756,nan,0.0,0.1
0.2,9,336,96,cn_est,0.258226,0.404233,6,0.1756,1.254084,1.172319,0.13
0.2,9,336,336,raw,1.155209,0.866065,5,0.1756,nan,1.828303,0.16
0.2,9,336,336,revin,0.99,0.801347,8,0.1756,nan,0.730141,0.24
0.2,9,336,336,cn_oracle,0.207498,0.362287,5,0.1756,nan,0.0,0.1
0.2,9,336,336,cn_est,0.280906,0.422963,4,0.1756,1.254084,1.147121,0.07
0.3,0,96,24,raw,0.716055,0.674575,11,0.3307,nan,0.777044,0.18
0.3,0,96,24,revin,0.738908,0.68764,8,0.3307,nan,0.65809,0.35
0.3,0,96,24,cn_oracle,0.121158,0.278665,8,0.3307,nan,0.0,0.16
0.3,0,96,24,cn_est,0.134388,0.294054,8,0.3307,0.156579,0.152142,0.2
0.3,0,96,96,raw,0.794437,0.713096,7,0.3307,nan,0.773402,0.12
0.3,0,96,96,revin,0.812272,0.722623,6,0.3307,nan,0.675599,0.3
0.3,0,96,96,cn_oracle,0.123453,0.281988,6,0.3307,nan,0.0,0.12
0.3,0,96,96,cn_est,0.141764,0.3032,7,0.3307,0.156579,0.150619,0.15
0.3,0,96,336,raw,0.850999,0.737623,10,0.3307,nan,0.772867,0.21
0.3,0,96,336,revin,0.89902,0.758624,7,0.3307,nan,0.734378,0.22
0.3,0,96,336,cn_oracle,0.124505,0.283229,8,0.3307,nan,0.0,0.15
0.3,0,96,336,cn_est,0.155797,0.317556,7,0.3307,0.156579,0.146192,0.13
0.3,0,336,24,raw,0.745987,0.689126,4,0.3307,nan,0.777044,0.08
0.3,0,336,24,revin,0.749637,0.691527,4,0.3307,nan,0.650655,0.14
0.3,0,336,24,cn_oracle,0.12117,0.278827,5,0.3307,nan,0.0,0.09
0.3,0,336,24,cn_est,0.145164,0.305948,4,0.3307,0.168178,0.152142,0.09
0.3,0,336,96,raw,0.815325,0.721387,8,0.3307,nan,0.773402,0.15
0.3,0,336,96,revin,0.831325,0.727688,6,0.3307,nan,0.666626,0.17
0.3,0,336,96,cn_oracle,0.123774,0.282285,5,0.3307,nan,0.0,0.09
0.3,0,336,96,cn_est,0.144677,0.306147,5,0.3307,0.168178,0.150619,0.08
0.3,0,336,336,raw,0.88933,0.753682,6,0.3307,nan,0.772867,0.12
0.3,0,336,336,revin,0.895524,0.75682,11,0.3307,nan,0.706993,0.28
0.3,0,336,336,cn_oracle,0.124652,0.283425,5,0.3307,nan,0.0,0.08
0.3,0,336,336,cn_est,0.160992,0.322437,5,0.3307,0.168178,0.146192,0.09
0.3,1,96,24,raw,0.668734,0.647846,9,0.3182,nan,1.043219,0.16
0.3,1,96,24,revin,0.667689,0.645004,15,0.3182,nan,0.637822,0.46
0.3,1,96,24,cn_oracle,0.10927,0.262693,13,0.3182,nan,0.0,0.23
0.3,1,96,24,cn_est,0.124631,0.282076,14,0.3182,0.483183,0.482047,0.25
0.3,1,96,96,raw,0.755572,0.692927,11,0.3182,nan,1.028081,0.18
0.3,1,96,96,revin,0.755527,0.691216,11,0.3182,nan,0.666004,0.3
0.3,1,96,96,cn_oracle,0.110332,0.264472,9,0.3182,nan,0.0,0.16
0.3,1,96,96,cn_est,0.132705,0.290964,12,0.3182,0.483183,0.472303,0.19
0.3,1,96,336,raw,0.791404,0.711232,8,0.3182,nan,0.998878,0.15
0.3,1,96,336,revin,0.776679,0.704615,8,0.3182,nan,0.672779,0.24
0.3,1,96,336,cn_oracle,0.110208,0.264305,7,0.3182,nan,0.0,0.14
0.3,1,96,336,cn_est,0.151094,0.309554,12,0.3182,0.483183,0.442535,0.21
0.3,1,336,24,raw,0.66273,0.649332,5,0.3182,nan,1.043219,0.11
0.3,1,336,24,revin,0.638579,0.635309,9,0.3182,nan,0.58721,0.27
0.3,1,336,24,cn_oracle,0.107534,0.260926,8,0.3182,nan,0.0,0.16
0.3,1,336,24,cn_est,0.125222,0.282363,9,0.3182,0.483626,0.482047,0.17
0.3,1,336,96,raw,0.717719,0.678273,7,0.3182,nan,1.028081,0.14
0.3,1,336,96,revin,0.709189,0.673601,8,0.3182,nan,0.596566,0.24
0.3,1,336,96,cn_oracle,0.109431,0.263511,6,0.3182,nan,0.0,0.1
0.3,1,336,96,cn_est,0.13458,0.292594,8,0.3182,0.483626,0.472303,0.15
0.3,1,336,336,raw,0.778358,0.705588,7,0.3182,nan,0.998878,0.11
0.3,1,336,336,revin,0.755386,0.695882,10,0.3182,nan,0.622734,0.28
0.3,1,336,336,cn_oracle,0.112112,0.266488,6,0.3182,nan,0.0,0.11
0.3,1,336,336,cn_est,0.157572,0.316131,7,0.3182,0.483626,0.442535,0.13
0.3,2,96,24,raw,0.665381,0.646871,15,0.2334,nan,0.630092,0.29
0.3,2,96,24,revin,0.702663,0.663921,11,0.2334,nan,0.700687,0.34
0.3,2,96,24,cn_oracle,0.119974,0.277907,11,0.2334,nan,0.0,0.21
0.3,2,96,24,cn_est,0.14694,0.305552,14,0.2334,0.064036,0.065224,0.27
0.3,2,96,96,raw,0.796482,0.711478,7,0.2334,nan,0.629265,0.12
0.3,2,96,96,revin,0.859707,0.737353,7,0.2334,nan,0.764253,0.2
0.3,2,96,96,cn_oracle,0.121383,0.279569,6,0.2334,nan,0.0,0.13
0.3,2,96,96,cn_est,0.1619,0.321392,11,0.2334,0.064036,0.065452,0.2
0.3,2,96,336,raw,0.818222,0.72289,6,0.2334,nan,0.631835,0.11
0.3,2,96,336,revin,0.896687,0.755933,10,0.2334,nan,0.784779,0.27
0.3,2,96,336,cn_oracle,0.122773,0.280638,6,0.2334,nan,0.0,0.1
0.3,2,96,336,cn_est,0.187226,0.347324,12,0.2334,0.064036,0.064361,0.23
0.3,2,336,24,raw,0.656898,0.641601,10,0.2334,nan,0.630092,0.17
0.3,2,336,24,revin,0.668706,0.648034,10,0.2334,nan,0.650263,0.33
0.3,2,336,24,cn_oracle,0.122015,0.28056,5,0.2334,nan,0.0,0.13
0.3,2,336,24,cn_est,0.147159,0.305935,12,0.2334,0.063106,0.065224,0.2
0.3,2,336,96,raw,0.789034,0.7075,9,0.2334,nan,0.629265,0.16
0.3,2,336,96,revin,0.806177,0.714753,9,0.2334,nan,0.681628,0.27
0.3,2,336,96,cn_oracle,0.124014,0.282486,6,0.2334,nan,0.0,0.12
0.3,2,336,96,cn_est,0.162786,0.322251,13,0.2334,0.063106,0.065452,0.22
0.3,2,336,336,raw,0.83101,0.730948,8,0.2334,nan,0.631835,0.16
0.3,2,336,336,revin,0.862494,0.743829,9,0.2334,nan,0.725451,0.22
0.3,2,336,336,cn_oracle,0.125095,0.283365,6,0.2334,nan,0.0,0.13
0.3,2,336,336,cn_est,0.189371,0.348311,12,0.2334,0.063106,0.064361,0.19
0.3,3,96,24,raw,1.013472,0.801675,6,0.352,nan,1.663803,0.1
0.3,3,96,24,revin,0.952851,0.778632,8,0.352,nan,0.967113,0.22
0.3,3,96,24,cn_oracle,0.159544,0.317465,8,0.352,nan,0.0,0.15
0.3,3,96,24,cn_est,0.185501,0.343366,8,0.352,0.660847,0.665473,0.13
0.3,3,96,96,raw,1.356418,0.933131,4,0.352,nan,1.659949,0.07
0.3,3,96,96,revin,1.175568,0.873173,9,0.352,nan,1.04513,0.3
0.3,3,96,96,cn_oracle,0.162512,0.320814,7,0.352,nan,0.0,0.14
0.3,3,96,96,cn_est,0.198266,0.355032,8,0.352,0.660847,0.655855,0.16
0.3,3,96,336,raw,1.501359,0.982894,4,0.352,nan,1.602943,0.09
0.3,3,96,336,revin,1.396071,0.948019,10,0.352,nan,1.219413,0.27
0.3,3,96,336,cn_oracle,0.164053,0.321786,6,0.352,nan,0.0,0.12
0.3,3,96,336,cn_est,0.24766,0.396427,4,0.352,0.660847,0.607254,0.07
0.3,3,336,24,raw,0.997224,0.794723,10,0.352,nan,1.663803,0.16
0.3,3,336,24,revin,0.994002,0.791954,7,0.352,nan,1.009138,0.19
0.3,3,336,24,cn_oracle,0.162966,0.321144,7,0.352,nan,0.0,0.12
0.3,3,336,24,cn_est,0.201753,0.358402,4,0.352,0.654782,0.665473,0.1
0.3,3,336,96,raw,1.303628,0.910482,6,0.352,nan,1.659949,0.13
0.3,3,336,96,revin,1.192304,0.874492,5,0.352,nan,1.051383,0.13
0.3,3,336,96,cn_oracle,0.165088,0.323381,6,0.352,nan,0.0,0.1
0.3,3,336,96,cn_est,0.215382,0.371147,7,0.352,0.654782,0.655855,0.13
0.3,3,336,336,raw,1.388232,0.940601,11,0.352,nan,1.602943,0.18
0.3,3,336,336,revin,1.341287,0.926319,8,0.352,nan,1.129975,0.27
0.3,3,336,336,cn_oracle,0.165832,0.324071,6,0.352,nan,0.0,0.11
0.3,3,336,336,cn_est,0.247652,0.397247,5,0.352,0.654782,0.607254,0.11
0.3,4,96,24,raw,0.790279,0.707244,10,0.3261,nan,1.146156,0.17
0.3,4,96,24,revin,0.797644,0.711745,13,0.3261,nan,0.824145,0.38
0.3,4,96,24,cn_oracle,0.126231,0.284898,11,0.3261,nan,0.0,0.23
0.3,4,96,24,cn_est,0.149464,0.308751,8,0.3261,0.398246,0.40929,0.14
0.3,4,96,96,raw,0.940732,0.775544,8,0.3261,nan,1.157287,0.16
0.3,4,96,96,revin,0.955681,0.78563,9,0.3261,nan,0.853564,0.36
0.3,4,96,96,cn_oracle,0.127049,0.286064,6,0.3261,nan,0.0,0.12
0.3,4,96,96,cn_est,0.168287,0.326774,11,0.3261,0.398246,0.416013,0.17
0.3,4,96,336,raw,1.013944,0.804355,6,0.3261,nan,1.188576,0.1
0.3,4,96,336,revin,1.02278,0.810684,14,0.3261,nan,0.892896,0.45
0.3,4,96,336,cn_oracle,0.127986,0.287326,6,0.3261,nan,0.0,0.11
0.3,4,96,336,cn_est,0.210437,0.365635,10,0.3261,0.398246,0.434705,0.16
0.3,4,336,24,raw,0.768424,0.698285,10,0.3261,nan,1.146156,0.17
0.3,4,336,24,revin,0.772519,0.700164,11,0.3261,nan,0.749976,0.3
0.3,4,336,24,cn_oracle,0.126747,0.285354,5,0.3261,nan,0.0,0.09
0.3,4,336,24,cn_est,0.152746,0.311858,8,0.3261,0.386836,0.40929,0.14
0.3,4,336,96,raw,0.918794,0.770794,7,0.3261,nan,1.157287,0.13
0.3,4,336,96,revin,0.922214,0.772891,10,0.3261,nan,0.78683,0.31
0.3,4,336,96,cn_oracle,0.129471,0.288717,7,0.3261,nan,0.0,0.12
0.3,4,336,96,cn_est,0.177459,0.335758,8,0.3261,0.386836,0.416013,0.17
0.3,4,336,336,raw,1.017794,0.810489,5,0.3261,nan,1.188576,0.11
0.3,4,336,336,revin,1.020773,0.811837,7,0.3261,nan,0.887581,0.19
0.3,4,336,336,cn_oracle,0.130233,0.289857,5,0.3261,nan,0.0,0.08
0.3,4,336,336,cn_est,0.226518,0.378937,5,0.3261,0.386836,0.434705,0.1
0.3,5,96,24,raw,1.011128,0.795324,7,0.264,nan,2.011693,0.13
0.3,5,96,24,revin,0.965804,0.77596,7,0.264,nan,0.968527,0.2
0.3,5,96,24,cn_oracle,0.153514,0.314243,7,0.264,nan,0.0,0.13
0.3,5,96,24,cn_est,0.172669,0.332653,7,0.264,1.205395,1.215037,0.19
0.3,5,96,96,raw,1.257977,0.893655,6,0.264,nan,2.004306,0.11
0.3,5,96,96,revin,1.166831,0.850264,11,0.264,nan,1.046915,0.33
0.3,5,96,96,cn_oracle,0.156326,0.316963,6,0.264,nan,0.0,0.15
0.3,5,96,96,cn_est,0.182561,0.341582,6,0.264,1.205395,1.213002,0.14
0.3,5,96,336,raw,1.465073,0.971819,13,0.264,nan,1.976979,0.21
0.3,5,96,336,revin,1.297205,0.901149,13,0.264,nan,1.144668,0.37
0.3,5,96,336,cn_oracle,0.157645,0.31851,7,0.264,nan,0.0,0.11
0.3,5,96,336,cn_est,0.196078,0.353978,6,0.264,1.205395,1.208169,0.14
0.3,5,336,24,raw,1.013516,0.794077,5,0.264,nan,2.011693,0.13
0.3,5,336,24,revin,0.970358,0.777954,5,0.264,nan,0.971155,0.17
0.3,5,336,24,cn_oracle,0.153014,0.31302,6,0.264,nan,0.0,0.11
0.3,5,336,24,cn_est,0.180489,0.339649,5,0.264,1.17669,1.215037,0.09
0.3,5,336,96,raw,1.202836,0.868734,6,0.264,nan,2.004306,0.1
0.3,5,336,96,revin,1.158274,0.851021,8,0.264,nan,1.00354,0.25
0.3,5,336,96,cn_oracle,0.156501,0.316445,6,0.264,nan,0.0,0.17
0.3,5,336,96,cn_est,0.200686,0.357756,5,0.264,1.17669,1.213002,0.09
0.3,5,336,336,raw,1.372426,0.935614,7,0.264,nan,1.976979,0.12
0.3,5,336,336,revin,1.206989,0.871697,5,0.264,nan,1.006643,0.15
0.3,5,336,336,cn_oracle,0.157048,0.317047,5,0.264,nan,0.0,0.1
0.3,5,336,336,cn_est,0.211388,0.367523,7,0.264,1.17669,1.208169,0.12
0.3,6,96,24,raw,0.821242,0.717136,6,0.3084,nan,0.724348,0.12
0.3,6,96,24,revin,0.840033,0.724707,8,0.3084,nan,0.765719,0.26
0.3,6,96,24,cn_oracle,0.125725,0.283486,7,0.3084,nan,0.0,0.12
0.3,6,96,24,cn_est,0.139113,0.296383,8,0.3084,0.027762,0.025415,0.14
0.3,6,96,96,raw,0.91594,0.764386,10,0.3084,nan,0.7254,0.16
0.3,6,96,96,revin,0.959825,0.781285,9,0.3084,nan,0.804103,0.25
0.3,6,96,96,cn_oracle,0.127775,0.285427,9,0.3084,nan,0.0,0.26
0.3,6,96,96,cn_est,0.142492,0.300403,11,0.3084,0.027762,0.025052,0.19
0.3,6,96,336,raw,0.93049,0.773399,9,0.3084,nan,0.715631,0.26
0.3,6,96,336,revin,0.997643,0.79961,11,0.3084,nan,0.821514,0.29
0.3,6,96,336,cn_oracle,0.127613,0.285286,6,0.3084,nan,0.0,0.12
0.3,6,96,336,cn_est,0.148374,0.306602,10,0.3084,0.027762,0.024406,0.16
0.3,6,336,24,raw,0.809521,0.712353,9,0.3084,nan,0.724348,0.15
0.3,6,336,24,revin,0.824516,0.720788,8,0.3084,nan,0.730863,0.23
0.3,6,336,24,cn_oracle,0.125982,0.283505,6,0.3084,nan,0.0,0.12
0.3,6,336,24,cn_est,0.138126,0.295144,10,0.3084,0.03383,0.025415,0.18
0.3,6,336,96,raw,0.915694,0.766322,8,0.3084,nan,0.7254,0.13
0.3,6,336,96,revin,0.923106,0.768299,14,0.3084,nan,0.747,0.38
0.3,6,336,96,cn_oracle,0.128446,0.286156,6,0.3084,nan,0.0,0.12
0.3,6,336,96,cn_est,0.142788,0.300734,7,0.3084,0.03383,0.025052,0.13
0.3,6,336,336,raw,0.919977,0.76838,8,0.3084,nan,0.715631,0.15
0.3,6,336,336,revin,0.955243,0.782899,8,0.3084,nan,0.760867,0.21
0.3,6,336,336,cn_oracle,0.128072,0.285886,5,0.3084,nan,0.0,0.1
0.3,6,336,336,cn_est,0.151299,0.309588,6,0.3084,0.03383,0.024406,0.12
0.3,7,96,24,raw,1.0879,0.823505,10,0.3442,nan,2.375353,0.18
0.3,7,96,24,revin,0.879047,0.748914,8,0.3442,nan,0.845202,0.21
0.3,7,96,24,cn_oracle,0.148297,0.30881,11,0.3442,nan,0.0,0.19
0.3,7,96,24,cn_est,0.179455,0.336247,5,0.3442,1.333797,1.33149,0.1
0.3,7,96,96,raw,1.322249,0.917269,11,0.3442,nan,2.403107,0.22
0.3,7,96,96,revin,0.995495,0.799599,6,0.3442,nan,0.860873,0.18
0.3,7,96,96,cn_oracle,0.149864,0.310045,6,0.3442,nan,0.0,0.12
0.3,7,96,96,cn_est,0.185252,0.342597,14,0.3442,1.333797,1.34163,0.23
0.3,7,96,336,raw,1.70751,1.05738,4,0.3442,nan,2.460425,0.07
0.3,7,96,336,revin,1.002032,0.801231,8,0.3442,nan,0.852791,0.21
0.3,7,96,336,cn_oracle,0.150213,0.309624,7,0.3442,nan,0.0,0.14
0.3,7,96,336,cn_est,0.239652,0.389584,11,0.3442,1.333797,1.386852,0.21
0.3,7,336,24,raw,0.91491,0.757493,10,0.3442,nan,2.375353,0.2
0.3,7,336,24,revin,0.819481,0.722094,10,0.3442,nan,0.762145,0.26
0.3,7,336,24,cn_oracle,0.148247,0.307798,6,0.3442,nan,0.0,0.12
0.3,7,336,24,cn_est,0.177411,0.336172,6,0.3442,1.347454,1.33149,0.12
0.3,7,336,96,raw,1.106912,0.837969,12,0.3442,nan,2.403107,0.23
0.3,7,336,96,revin,0.932863,0.774526,9,0.3442,nan,0.773658,0.27
0.3,7,336,96,cn_oracle,0.150875,0.310417,6,0.3442,nan,0.0,0.12
0.3,7,336,96,cn_est,0.209976,0.365413,5,0.3442,1.347454,1.34163,0.1
0.3,7,336,336,raw,1.347072,0.925405,14,0.3442,nan,2.460425,0.27
0.3,7,336,336,revin,0.975436,0.79233,13,0.3442,nan,0.788949,0.37
0.3,7,336,336,cn_oracle,0.151833,0.311354,9,0.3442,nan,0.0,0.17
0.3,7,336,336,cn_est,0.248906,0.397298,6,0.3442,1.347454,1.386852,0.11
0.3,8,96,24,raw,1.00677,0.790721,6,0.2156,nan,2.077667,0.12
0.3,8,96,24,revin,0.825962,0.718275,14,0.2156,nan,0.707872,0.42
0.3,8,96,24,cn_oracle,0.157244,0.317324,8,0.2156,nan,0.0,0.16
0.3,8,96,24,cn_est,0.192048,0.350392,6,0.2156,1.56589,1.579752,0.12
0.3,8,96,96,raw,1.396495,0.949302,8,0.2156,nan,2.070229,0.13
0.3,8,96,96,revin,0.951403,0.779457,6,0.2156,nan,0.768348,0.18
0.3,8,96,96,cn_oracle,0.158237,0.318462,6,0.2156,nan,0.0,0.13
0.3,8,96,96,cn_est,0.195019,0.353197,10,0.2156,1.56589,1.577541,0.16
0.3,8,96,336,raw,1.472794,0.979207,5,0.2156,nan,2.084156,0.12
0.3,8,96,336,revin,1.039865,0.816478,8,0.2156,nan,0.852024,0.23
0.3,8,96,336,cn_oracle,0.161975,0.321869,7,0.2156,nan,0.0,0.14
0.3,8,96,336,cn_est,0.238657,0.39145,4,0.2156,1.56589,1.573262,0.07
0.3,8,336,24,raw,0.948396,0.770981,10,0.2156,nan,2.077667,0.16
0.3,8,336,24,revin,0.824665,0.720503,10,0.2156,nan,0.725655,0.26
0.3,8,336,24,cn_oracle,0.15991,0.320168,8,0.2156,nan,0.0,0.13
0.3,8,336,24,cn_est,0.210791,0.367653,5,0.2156,1.538492,1.579752,0.08
0.3,8,336,96,raw,1.042227,0.814121,5,0.2156,nan,2.070229,0.09
0.3,8,336,96,revin,0.944972,0.776362,9,0.2156,nan,0.755294,0.26
0.3,8,336,96,cn_oracle,0.161993,0.322286,6,0.2156,nan,0.0,0.12
0.3,8,336,96,cn_est,0.226008,0.380301,9,0.2156,1.538492,1.577541,0.16
0.3,8,336,336,raw,1.231455,0.88622,8,0.2156,nan,2.084156,0.15
0.3,8,336,336,revin,0.998633,0.797774,12,0.2156,nan,0.777524,0.34
0.3,8,336,336,cn_oracle,0.161926,0.321666,6,0.2156,nan,0.0,0.11
0.3,8,336,336,cn_est,0.232488,0.38551,4,0.2156,1.538492,1.573262,0.07
0.3,9,96,24,raw,0.737744,0.680505,6,0.3641,nan,1.359416,0.1
0.3,9,96,24,revin,0.72325,0.674428,9,0.3641,nan,0.640307,0.27
0.3,9,96,24,cn_oracle,0.144449,0.304101,7,0.3641,nan,0.0,0.12
0.3,9,96,24,cn_est,0.158388,0.317984,7,0.3641,0.723137,0.713673,0.12
0.3,9,96,96,raw,0.876927,0.742922,6,0.3641,nan,1.342535,0.1
0.3,9,96,96,revin,0.843093,0.730541,9,0.3641,nan,0.688582,0.39
0.3,9,96,96,cn_oracle,0.146327,0.305764,8,0.3641,nan,0.0,0.13
0.3,9,96,96,cn_est,0.164318,0.32343,7,0.3641,0.723137,0.713466,0.12
0.3,9,96,336,raw,0.989772,0.792537,4,0.3641,nan,1.346553,0.1
0.3,9,96,336,revin,0.971403,0.788497,8,0.3641,nan,0.784655,0.26
0.3,9,96,336,cn_oracle,0.145724,0.305421,8,0.3641,nan,0.0,0.13
0.3,9,96,336,cn_est,0.168482,0.32771,8,0.3641,0.723137,0.713888,0.14
0.3,9,336,24,raw,0.747393,0.684345,6,0.3641,nan,1.359416,0.11
0.3,9,336,24,revin,0.749112,0.68445,5,0.3641,nan,0.652716,0.14
0.3,9,336,24,cn_oracle,0.145091,0.305307,7,0.3641,nan,0.0,0.12
0.3,9,336,24,cn_est,0.160977,0.32095,5,0.3641,0.749516,0.713673,0.15
0.3,9,336,96,raw,0.853293,0.733884,9,0.3641,nan,1.342535,0.14
0.3,9,336,96,revin,0.848743,0.731775,9,0.3641,nan,0.669894,0.23
0.3,9,336,96,cn_oracle,0.147098,0.30754,5,0.3641,nan,0.0,0.09
0.3,9,336,96,cn_est,0.174169,0.3335,6,0.3641,0.749516,0.713466,0.12
0.3,9,336,336,raw,0.941096,0.775575,4,0.3641,nan,1.346553,0.1
0.3,9,336,336,revin,0.90716,0.762911,7,0.3641,nan,0.689327,0.18
0.3,9,336,336,cn_oracle,0.145977,0.305968,5,0.3641,nan,0.0,0.1
0.3,9,336,336,cn_est,0.191608,0.349491,5,0.3641,0.749516,0.713888,0.1
0.4,0,96,24,raw,0.73681,0.678644,11,0.3831,nan,0.973531,0.19
0.4,0,96,24,revin,0.755144,0.685912,11,0.3831,nan,0.784083,0.32
0.4,0,96,24,cn_oracle,0.103378,0.256595,12,0.3831,nan,0.0,0.2
0.4,0,96,24,cn_est,0.113645,0.268077,8,0.3831,0.308912,0.307453,0.14
0.4,0,96,96,raw,0.851725,0.732121,6,0.3831,nan,0.968943,0.13
0.4,0,96,96,revin,0.86585,0.737119,7,0.3831,nan,0.808591,0.2
0.4,0,96,96,cn_oracle,0.104629,0.25862,6,0.3831,nan,0.0,0.12
0.4,0,96,96,cn_est,0.117825,0.273678,12,0.3831,0.308912,0.307791,0.2
0.4,0,96,336,raw,0.870433,0.740021,5,0.3831,nan,0.974646,0.09
0.4,0,96,336,revin,0.870405,0.741247,12,0.3831,nan,0.794576,0.35
0.4,0,96,336,cn_oracle,0.10445,0.258068,6,0.3831,nan,0.0,0.1
0.4,0,96,336,cn_est,0.121563,0.277509,11,0.3831,0.308912,0.307282,0.18
0.4,0,336,24,raw,0.711313,0.670321,10,0.3831,nan,0.973531,0.16
0.4,0,336,24,revin,0.70547,0.665301,11,0.3831,nan,0.706253,0.41
0.4,0,336,24,cn_oracle,0.102769,0.255709,6,0.3831,nan,0.0,0.1
0.4,0,336,24,cn_est,0.113644,0.268009,7,0.3831,0.309283,0.307453,0.15
0.4,0,336,96,raw,0.811711,0.71498,8,0.3831,nan,0.968943,0.14
0.4,0,336,96,revin,0.808051,0.713737,8,0.3831,nan,0.722063,0.21
0.4,0,336,96,cn_oracle,0.104365,0.257748,5,0.3831,nan,0.0,0.1
0.4,0,336,96,cn_est,0.121346,0.277225,8,0.3831,0.309283,0.307791,0.14
0.4,0,336,336,raw,0.858396,0.73584,11,0.3831,nan,0.974646,0.17
0.4,0,336,336,revin,0.861897,0.737536,7,0.3831,nan,0.739331,0.2
0.4,0,336,336,cn_oracle,0.105258,0.25892,5,0.3831,nan,0.0,0.1
0.4,0,336,336,cn_est,0.124314,0.280549,11,0.3831,0.309283,0.307282,0.2
0.4,1,96,24,raw,0.655963,0.644269,10,0.4398,nan,0.742278,0.19
0.4,1,96,24,revin,0.674457,0.652142,10,0.4398,nan,0.644791,0.3
0.4,1,96,24,cn_oracle,0.095344,0.245782,8,0.4398,nan,0.0,0.16
0.4,1,96,24,cn_est,0.106426,0.258938,15,0.4398,0.103861,0.105918,0.28
0.4,1,96,96,raw,0.774073,0.70307,15,0.4398,nan,0.744952,0.29
0.4,1,96,96,revin,0.828726,0.724798,8,0.4398,nan,0.713807,0.24
0.4,1,96,96,cn_oracle,0.095952,0.246772,8,0.4398,nan,0.0,0.18
0.4,1,96,96,cn_est,0.109867,0.262978,11,0.4398,0.103861,0.106053,0.18
0.4,1,96,336,raw,0.853281,0.738408,9,0.4398,nan,0.74594,0.16
0.4,1,96,336,revin,0.94435,0.771696,9,0.4398,nan,0.811509,0.24
0.4,1,96,336,cn_oracle,0.096532,0.248209,6,0.4398,nan,0.0,0.11
0.4,1,96,336,cn_est,0.121919,0.278288,9,0.4398,0.103861,0.107926,0.14
0.4,1,336,24,raw,0.686989,0.660017,8,0.4398,nan,0.742278,0.13
0.4,1,336,24,revin,0.709776,0.667857,8,0.4398,nan,0.672216,0.21
0.4,1,336,24,cn_oracle,0.094824,0.245722,6,0.4398,nan,0.0,0.1
0.4,1,336,24,cn_est,0.105767,0.258297,11,0.4398,0.098708,0.105918,0.18
0.4,1,336,96,raw,0.817142,0.720659,8,0.4398,nan,0.744952,0.16
0.4,1,336,96,revin,0.835988,0.72654,9,0.4398,nan,0.703248,0.3
0.4,1,336,96,cn_oracle,0.097237,0.249158,8,0.4398,nan,0.0,0.14
0.4,1,336,96,cn_est,0.110596,0.26478,12,0.4398,0.098708,0.106053,0.2
0.4,1,336,336,raw,0.853537,0.73917,6,0.4398,nan,0.74594,0.1
0.4,1,336,336,revin,0.880054,0.746933,5,0.4398,nan,0.7284,0.18
0.4,1,336,336,cn_oracle,0.097845,0.249904,6,0.4398,nan,0.0,0.13
0.4,1,336,336,cn_est,0.122497,0.279609,10,0.4398,0.098708,0.107926,0.17
0.4,2,96,24,raw,0.694622,0.656199,11,0.4434,nan,0.724283,0.18
0.4,2,96,24,revin,0.726694,0.672623,11,0.4434,nan,0.701225,0.38
0.4,2,96,24,cn_oracle,0.091013,0.240424,6,0.4434,nan,0.0,0.1
0.4,2,96,24,cn_est,0.101613,0.253035,10,0.4434,0.082326,0.081297,0.16
0.4,2,96,96,raw,0.790493,0.706015,10,0.4434,nan,0.7115,0.17
0.4,2,96,96,revin,0.845963,0.732328,10,0.4434,nan,0.742813,0.34
0.4,2,96,96,cn_oracle,0.091875,0.241866,8,0.4434,nan,0.0,0.13
0.4,2,96,96,cn_est,0.106152,0.259381,12,0.4434,0.082326,0.079888,0.19
0.4,2,96,336,raw,0.804577,0.712964,9,0.4434,nan,0.695318,0.14
0.4,2,96,336,revin,0.872801,0.744327,8,0.4434,nan,0.75871,0.21
0.4,2,96,336,cn_oracle,0.09313,0.24355,6,0.4434,nan,0.0,0.15
0.4,2,96,336,cn_est,0.121762,0.278224,15,0.4434,0.082326,0.073218,0.25
0.4,2,336,24,raw,0.684048,0.649604,8,0.4434,nan,0.724283,0.13
0.4,2,336,24,revin,0.702452,0.65898,5,0.4434,nan,0.679503,0.14
0.4,2,336,24,cn_oracle,0.091741,0.242003,7,0.4434,nan,0.0,0.11
0.4,2,336,24,cn_est,0.101398,0.25416,9,0.4434,0.096767,0.081297,0.14
0.4,2,336,96,raw,0.771972,0.695139,7,0.4434,nan,0.7115,0.12
0.4,2,336,96,revin,0.79402,0.705482,9,0.4434,nan,0.682027,0.27
0.4,2,336,96,cn_oracle,0.093055,0.243701,5,0.4434,nan,0.0,0.08
0.4,2,336,96,cn_est,0.1068,0.261374,11,0.4434,0.096767,0.079888,0.21
0.4,2,336,336,raw,0.799747,0.711391,14,0.4434,nan,0.695318,0.26
0.4,2,336,336,revin,0.819031,0.721178,6,0.4434,nan,0.673962,0.18
0.4,2,336,336,cn_oracle,0.094114,0.244843,6,0.4434,nan,0.0,0.12
0.4,2,336,336,cn_est,0.122042,0.278627,10,0.4434,0.096767,0.073218,0.19
0.4,3,96,24,raw,0.68654,0.654343,7,0.3989,nan,0.753315,0.12
0.4,3,96,24,revin,0.704929,0.662078,6,0.3989,nan,0.66131,0.16
0.4,3,96,24,cn_oracle,0.10721,0.260786,7,0.3989,nan,0.0,0.12
0.4,3,96,24,cn_est,0.11928,0.274955,13,0.3989,0.213448,0.21351,0.25
0.4,3,96,96,raw,0.771939,0.697515,7,0.3989,nan,0.758701,0.14
0.4,3,96,96,revin,0.805239,0.711863,6,0.3989,nan,0.692812,0.18
0.4,3,96,96,cn_oracle,0.107612,0.260537,10,0.3989,nan,0.0,0.2
0.4,3,96,96,cn_est,0.125101,0.281097,14,0.3989,0.213448,0.21188,0.28
0.4,3,96,336,raw,0.810397,0.717765,15,0.3989,nan,0.769438,0.29
0.4,3,96,336,revin,0.854093,0.736667,10,0.3989,nan,0.727841,0.3
0.4,3,96,336,cn_oracle,0.108461,0.260907,6,0.3989,nan,0.0,0.12
0.4,3,96,336,cn_est,0.137425,0.295477,9,0.3989,0.213448,0.208518,0.17
0.4,3,336,24,raw,0.679926,0.651511,8,0.3989,nan,0.753315,0.13
0.4,3,336,24,revin,0.685308,0.65378,9,0.3989,nan,0.631367,0.26
0.4,3,336,24,cn_oracle,0.109059,0.261922,6,0.3989,nan,0.0,0.12
0.4,3,336,24,cn_est,0.120385,0.276654,10,0.3989,0.22324,0.21351,0.19
0.4,3,336,96,raw,0.772612,0.696469,9,0.3989,nan,0.758701,0.19
0.4,3,336,96,revin,0.779504,0.698445,8,0.3989,nan,0.645182,0.24
0.4,3,336,96,cn_oracle,0.109972,0.262754,6,0.3989,nan,0.0,0.12
0.4,3,336,96,cn_est,0.127298,0.284462,10,0.3989,0.22324,0.21188,0.2
0.4,3,336,336,raw,0.806948,0.713443,11,0.3989,nan,0.769438,0.21
0.4,3,336,336,revin,0.813218,0.714898,10,0.3989,nan,0.664091,0.29
0.4,3,336,336,cn_oracle,0.109934,0.262635,5,0.3989,nan,0.0,0.1
0.4,3,336,336,cn_est,0.139432,0.297394,9,0.3989,0.22324,0.208518,0.17
0.4,4,96,24,raw,0.784404,0.699015,11,0.4178,nan,1.083502,0.22
0.4,4,96,24,revin,0.795314,0.705532,11,0.4178,nan,0.810215,0.3
0.4,4,96,24,cn_oracle,0.105565,0.256969,7,0.4178,nan,0.0,0.12
0.4,4,96,24,cn_est,0.116145,0.269583,8,0.4178,0.376164,0.38261,0.14
0.4,4,96,96,raw,0.920194,0.763357,10,0.4178,nan,1.090566,0.16
0.4,4,96,96,revin,0.932401,0.771838,11,0.4178,nan,0.824032,0.28
0.4,4,96,96,cn_oracle,0.107527,0.259093,6,0.4178,nan,0.0,0.1
0.4,4,96,96,cn_est,0.122035,0.277057,7,0.4178,0.376164,0.385596,0.11
0.4,4,96,336,raw,0.998028,0.797152,6,0.4178,nan,1.103606,0.1
0.4,4,96,336,revin,0.989817,0.799155,14,0.4178,nan,0.862655,0.35
0.4,4,96,336,cn_oracle,0.107411,0.259312,10,0.4178,nan,0.0,0.16
0.4,4,96,336,cn_est,0.128496,0.285048,10,0.4178,0.376164,0.398999,0.16
0.4,4,336,24,raw,0.805246,0.713945,6,0.4178,nan,1.083502,0.1
0.4,4,336,24,revin,0.785459,0.704651,10,0.4178,nan,0.759007,0.25
0.4,4,336,24,cn_oracle,0.106852,0.257791,6,0.4178,nan,0.0,0.1
0.4,4,336,24,cn_est,0.120151,0.274021,10,0.4178,0.367733,0.38261,0.16
0.4,4,336,96,raw,0.912769,0.763544,7,0.4178,nan,1.090566,0.12
0.4,4,336,96,revin,0.90461,0.759514,8,0.4178,nan,0.775246,0.21
0.4,4,336,96,cn_oracle,0.107679,0.258878,5,0.4178,nan,0.0,0.09
0.4,4,336,96,cn_est,0.125263,0.280281,7,0.4178,0.367733,0.385596,0.11
0.4,4,336,336,raw,0.958916,0.785426,5,0.4178,nan,1.103606,0.08
0.4,4,336,336,revin,0.946886,0.782708,6,0.4178,nan,0.789876,0.15
0.4,4,336,336,cn_oracle,0.107223,0.25886,5,0.4178,nan,0.0,0.08
0.4,4,336,336,cn_est,0.132909,0.28943,9,0.4178,0.367733,0.398999,0.14
0.4,5,96,24,raw,1.060047,0.818373,5,0.3767,nan,1.576108,0.08
0.4,5,96,24,revin,0.981197,0.786453,7,0.3767,nan,1.00182,0.19
0.4,5,96,24,cn_oracle,0.127356,0.282537,6,0.3767,nan,0.0,0.1
0.4,5,96,24,cn_est,0.141719,0.297763,10,0.3767,0.776923,0.776019,0.17
0.4,5,96,96,raw,1.306757,0.915726,5,0.3767,nan,1.58238,0.08
0.4,5,96,96,revin,1.117647,0.844308,6,0.3767,nan,1.026596,0.16
0.4,5,96,96,cn_oracle,0.129962,0.285611,9,0.3767,nan,0.0,0.14
0.4,5,96,96,cn_est,0.148995,0.304945,7,0.3767,0.776923,0.775798,0.11
0.4,5,96,336,raw,1.315798,0.9179,11,0.3767,nan,1.614388,0.17
0.4,5,96,336,revin,1.16461,0.862002,7,0.3767,nan,1.039309,0.18
0.4,5,96,336,cn_oracle,0.134474,0.291855,6,0.3767,nan,0.0,0.1
0.4,5,96,336,cn_est,0.154102,0.311743,8,0.3767,0.776923,0.774922,0.13
0.4,5,336,24,raw,0.978012,0.78723,5,0.3767,nan,1.576108,0.08
0.4,5,336,24,revin,0.911611,0.758463,11,0.3767,nan,0.902678,0.29
0.4,5,336,24,cn_oracle,0.130348,0.286605,6,0.3767,nan,0.0,0.11
0.4,5,336,24,cn_est,0.14711,0.304136,8,0.3767,0.78278,0.776019,0.13
0.4,5,336,96,raw,1.120036,0.845016,5,0.3767,nan,1.58238,0.12
0.4,5,336,96,revin,1.089136,0.832715,5,0.3767,nan,0.933255,0.15
0.4,5,336,96,cn_oracle,0.133464,0.290274,6,0.3767,nan,0.0,0.11
0.4,5,336,96,cn_est,0.165669,0.323197,5,0.3767,0.78278,0.775798,0.11
0.4,5,336,336,raw,1.196238,0.872842,6,0.3767,nan,1.614388,0.12
0.4,5,336,336,revin,1.155672,0.857919,6,0.3767,nan,0.97009,0.17
0.4,5,336,336,cn_oracle,0.136286,0.293639,7,0.3767,nan,0.0,0.14
0.4,5,336,336,cn_est,0.172846,0.330441,6,0.3767,0.78278,0.774922,0.11
0.4,6,96,24,raw,0.917506,0.751888,7,0.3549,nan,1.414322,0.14
0.4,6,96,24,revin,0.860284,0.730892,13,0.3549,nan,0.850895,0.39
0.4,6,96,24,cn_oracle,0.114279,0.269056,6,0.3549,nan,0.0,0.1
0.4,6,96,24,cn_est,0.128244,0.285121,11,0.3549,0.681514,0.690693,0.18
0.4,6,96,96,raw,1.1237,0.842818,5,0.3549,nan,1.394601,0.11
0.4,6,96,96,revin,0.977241,0.790243,15,0.3549,nan,0.883742,0.45
0.4,6,96,96,cn_oracle,0.113722,0.268627,7,0.3549,nan,0.0,0.14
0.4,6,96,96,cn_est,0.132011,0.28983,7,0.3549,0.681514,0.691507,0.12
0.4,6,96,336,raw,1.112527,0.839368,6,0.3549,nan,1.386317,0.1
0.4,6,96,336,revin,1.028765,0.811878,8,0.3549,nan,0.91194,0.22
0.4,6,96,336,cn_oracle,0.112985,0.268036,6,0.3549,nan,0.0,0.1
0.4,6,96,336,cn_est,0.13443,0.292205,7,0.3549,0.681514,0.695952,0.13
0.4,6,336,24,raw,0.84355,0.724536,7,0.3549,nan,1.414322,0.12
0.4,6,336,24,revin,0.841574,0.723809,11,0.3549,nan,0.800787,0.3
0.4,6,336,24,cn_oracle,0.114059,0.268445,5,0.3549,nan,0.0,0.09
0.4,6,336,24,cn_est,0.132942,0.290403,6,0.3549,0.657657,0.690693,0.1
0.4,6,336,96,raw,0.987235,0.792284,5,0.3549,nan,1.394601,0.08
0.4,6,336,96,revin,0.940658,0.774449,12,0.3549,nan,0.819813,0.32
0.4,6,336,96,cn_oracle,0.113766,0.268361,9,0.3549,nan,0.0,0.15
0.4,6,336,96,cn_est,0.141734,0.299945,6,0.3549,0.657657,0.691507,0.11
0.4,6,336,336,raw,0.99714,0.798054,12,0.3549,nan,1.386317,0.21
0.4,6,336,336,revin,0.970619,0.78963,9,0.3549,nan,0.834191,0.31
0.4,6,336,336,cn_oracle,0.114044,0.269094,10,0.3549,nan,0.0,0.17
0.4,6,336,336,cn_est,0.143369,0.301687,6,0.3549,0.657657,0.695952,0.12
0.4,7,96,24,raw,0.803523,0.713477,9,0.4181,nan,0.917788,0.14
0.4,7,96,24,revin,0.824577,0.71997,9,0.4181,nan,0.804904,0.26
0.4,7,96,24,cn_oracle,0.095991,0.248784,9,0.4181,nan,0.0,0.16
0.4,7,96,24,cn_est,0.10504,0.259285,10,0.4181,0.10148,0.099671,0.17
0.4,7,96,96,raw,0.897446,0.754002,7,0.4181,nan,0.916329,0.14
0.4,7,96,96,revin,0.93174,0.767977,12,0.4181,nan,0.837478,0.35
0.4,7,96,96,cn_oracle,0.098569,0.251895,7,0.4181,nan,0.0,0.13
0.4,7,96,96,cn_est,0.108516,0.262988,9,0.4181,0.10148,0.099403,0.21
0.4,7,96,336,raw,0.982596,0.792705,13,0.4181,nan,0.92692,0.25
0.4,7,96,336,revin,1.054578,0.824249,11,0.4181,nan,0.937654,0.3
0.4,7,96,336,cn_oracle,0.098967,0.252329,6,0.4181,nan,0.0,0.12
0.4,7,96,336,cn_est,0.11173,0.26678,9,0.4181,0.10148,0.098332,0.18
0.4,7,336,24,raw,0.830991,0.727112,11,0.4181,nan,0.917788,0.21
0.4,7,336,24,revin,0.830092,0.725447,6,0.4181,nan,0.818038,0.16
0.4,7,336,24,cn_oracle,0.097184,0.249328,6,0.4181,nan,0.0,0.11
0.4,7,336,24,cn_est,0.104769,0.258116,10,0.4181,0.105368,0.099671,0.21
0.4,7,336,96,raw,0.957926,0.785934,5,0.4181,nan,0.916329,0.1
0.4,7,336,96,revin,0.956327,0.784251,8,0.4181,nan,0.841434,0.24
0.4,7,336,96,cn_oracle,0.098906,0.251631,5,0.4181,nan,0.0,0.1
0.4,7,336,96,cn_est,0.108136,0.262002,8,0.4181,0.105368,0.099403,0.15
0.4,7,336,336,raw,1.020496,0.811766,8,0.4181,nan,0.92692,0.16
0.4,7,336,336,revin,1.047219,0.823395,8,0.4181,nan,0.884485,0.23
0.4,7,336,336,cn_oracle,0.09911,0.25192,7,0.4181,nan,0.0,0.14
0.4,7,336,336,cn_est,0.111725,0.266242,10,0.4181,0.105368,0.098332,0.19
0.4,8,96,24,raw,0.838482,0.717539,14,0.4158,nan,1.285286,0.27
0.4,8,96,24,revin,0.828183,0.713261,10,0.4158,nan,0.845686,0.3
0.4,8,96,24,cn_oracle,0.108061,0.261035,6,0.4158,nan,0.0,0.12
0.4,8,96,24,cn_est,0.119076,0.274421,9,0.4158,0.54641,0.548495,0.18
0.4,8,96,96,raw,1.007174,0.797514,6,0.4158,nan,1.288102,0.12
0.4,8,96,96,revin,0.981427,0.787866,6,0.4158,nan,0.87793,0.18
0.4,8,96,96,cn_oracle,0.108769,0.261798,7,0.4158,nan,0.0,0.14
0.4,8,96,96,cn_est,0.121566,0.277373,8,0.4158,0.54641,0.548486,0.14
0.4,8,96,336,raw,1.015763,0.803271,11,0.4158,nan,1.28198,0.19
0.4,8,96,336,revin,1.01611,0.807534,7,0.4158,nan,0.883495,0.21
0.4,8,96,336,cn_oracle,0.110119,0.263855,7,0.4158,nan,0.0,0.14
0.4,8,96,336,cn_est,0.126388,0.284227,10,0.4158,0.54641,0.548101,0.18
0.4,8,336,24,raw,0.794959,0.704984,5,0.4158,nan,1.285286,0.09
0.4,8,336,24,revin,0.783662,0.700392,5,0.4158,nan,0.768299,0.13
0.4,8,336,24,cn_oracle,0.108666,0.262233,9,0.4158,nan,0.0,0.18
0.4,8,336,24,cn_est,0.122109,0.278644,6,0.4158,0.536424,0.548495,0.13
0.4,8,336,96,raw,0.968763,0.782388,7,0.4158,nan,1.288102,0.11
0.4,8,336,96,revin,0.920477,0.764657,11,0.4158,nan,0.785803,0.31
0.4,8,336,96,cn_oracle,0.110707,0.264709,5,0.4158,nan,0.0,0.1
0.4,8,336,96,cn_est,0.128221,0.285778,12,0.4158,0.536424,0.548486,0.25
0.4,8,336,336,raw,0.935525,0.771302,10,0.4158,nan,1.28198,0.16
0.4,8,336,336,revin,0.922426,0.766319,10,0.4158,nan,0.773638,0.25
0.4,8,336,336,cn_oracle,0.111301,0.26587,5,0.4158,nan,0.0,0.08
0.4,8,336,336,cn_est,0.132959,0.291829,10,0.4158,0.536424,0.548101,0.17
0.4,9,96,24,raw,0.776004,0.687945,7,0.4291,nan,1.079972,0.11
0.4,9,96,24,revin,0.777888,0.690366,10,0.4291,nan,0.756042,0.26
0.4,9,96,24,cn_oracle,0.108165,0.263675,8,0.4291,nan,0.0,0.13
0.4,9,96,24,cn_est,0.13713,0.294532,8,0.4291,0.373885,0.38163,0.13
0.4,9,96,96,raw,0.92418,0.751258,9,0.4291,nan,1.081631,0.15
0.4,9,96,96,revin,0.944106,0.763217,14,0.4291,nan,0.844709,0.36
0.4,9,96,96,cn_oracle,0.108897,0.264953,8,0.4291,nan,0.0,0.13
0.4,9,96,96,cn_est,0.159914,0.316957,9,0.4291,0.373885,0.383832,0.15
0.4,9,96,336,raw,1.028686,0.793871,7,0.4291,nan,1.081297,0.11
0.4,9,96,336,revin,1.060591,0.806737,8,0.4291,nan,0.927551,0.23
0.4,9,96,336,cn_oracle,0.108855,0.264631,7,0.4291,nan,0.0,0.14
0.4,9,96,336,cn_est,0.224961,0.370523,8,0.4291,0.373885,0.390055,0.15
0.4,9,336,24,raw,0.772981,0.68892,12,0.4291,nan,1.079972,0.19
0.4,9,336,24,revin,0.769559,0.688989,12,0.4291,nan,0.762144,0.33
0.4,9,336,24,cn_oracle,0.108834,0.264266,7,0.4291,nan,0.0,0.13
0.4,9,336,24,cn_est,0.141765,0.299395,7,0.4291,0.360189,0.38163,0.13
0.4,9,336,96,raw,0.92623,0.75396,5,0.4291,nan,1.081631,0.09
0.4,9,336,96,revin,0.916249,0.749791,5,0.4291,nan,0.805949,0.14
0.4,9,336,96,cn_oracle,0.110199,0.266303,7,0.4291,nan,0.0,0.13
0.4,9,336,96,cn_est,0.163254,0.320542,6,0.4291,0.360189,0.383832,0.12
0.4,9,336,336,raw,1.028369,0.793965,12,0.4291,nan,1.081297,0.23
0.4,9,336,336,revin,1.035216,0.794223,10,0.4291,nan,0.88073,0.29
0.4,9,336,336,cn_oracle,0.110245,0.266161,7,0.4291,nan,0.0,0.12
0.4,9,336,336,cn_est,0.232055,0.377375,10,0.4291,0.360189,0.390055,0.16
0.5,0,336,24,raw,0.713665,0.655444,6,0.4441,nan,0.66386,0.12
0.5,0,336,24,revin,0.725943,0.661156,12,0.4441,nan,0.655819,0.34
0.5,0,336,24,cn_oracle,0.084575,0.231959,5,0.4441,nan,0.0,0.1
0.5,0,336,24,cn_est,0.092466,0.241706,14,0.4441,0.043117,0.044562,0.27
0.5,0,336,96,raw,0.793112,0.69441,7,0.4441,nan,0.656546,0.14
0.5,0,336,96,revin,0.815543,0.704076,6,0.4441,nan,0.664228,0.18
0.5,0,336,96,cn_oracle,0.085155,0.232636,5,0.4441,nan,0.0,0.1
0.5,0,336,96,cn_est,0.095093,0.245299,12,0.4441,0.043117,0.044768,0.19
0.5,0,336,336,raw,0.815167,0.708088,7,0.4441,nan,0.64735,0.11
0.5,0,336,336,revin,0.837666,0.718209,13,0.4441,nan,0.66803,0.34
0.5,0,336,336,cn_oracle,0.08574,0.23339,6,0.4441,nan,0.0,0.24
0.5,0,336,336,cn_est,0.101968,0.254596,9,0.4441,0.043117,0.044999,0.18
0.5,1,96,24,raw,0.931895,0.762291,10,0.4664,nan,1.127961,0.18
0.5,1,96,24,revin,0.95475,0.771775,9,0.4664,nan,0.999119,0.28
0.5,1,96,24,cn_oracle,0.106104,0.260962,6,0.4664,nan,0.0,0.12
0.5,1,96,24,cn_est,0.120906,0.279117,5,0.4664,0.332665,0.322047,0.1
0.5,1,96,96,raw,1.137271,0.848445,6,0.4664,nan,1.129507,0.12
0.5,1,96,96,revin,1.160624,0.858607,10,0.4664,nan,1.072257,0.3
0.5,1,96,96,cn_oracle,0.10634,0.262304,8,0.4664,nan,0.0,0.16
0.5,1,96,96,cn_est,0.126691,0.286463,5,0.4664,0.332665,0.319529,0.1
0.5,1,96,336,raw,1.191646,0.869224,4,0.4664,nan,1.115802,0.08
0.5,1,96,336,revin,1.181526,0.869505,9,0.4664,nan,1.048638,0.23
0.5,1,96,336,cn_oracle,0.105928,0.2617,6,0.4664,nan,0.0,0.1
0.5,1,96,336,cn_est,0.140202,0.300007,4,0.4664,0.332665,0.306742,0.07
0.5,1,336,24,raw,0.949961,0.772764,10,0.4664,nan,1.127961,0.16
0.5,1,336,24,revin,0.955255,0.776431,5,0.4664,nan,0.927404,0.16
0.5,1,336,24,cn_oracle,0.104778,0.260079,6,0.4664,nan,0.0,0.12
0.5,1,336,24,cn_est,0.125106,0.283754,6,0.4664,0.358246,0.322047,0.13
0.5,1,336,96,raw,1.113838,0.841099,8,0.4664,nan,1.129507,0.14
0.5,1,336,96,revin,1.071615,0.825721,11,0.4664,nan,0.933269,0.29
0.5,1,336,96,cn_oracle,0.106121,0.261803,5,0.4664,nan,0.0,0.13
0.5,1,336,96,cn_est,0.132767,0.292118,5,0.4664,0.358246,0.319529,0.11
0.5,1,336,336,raw,1.16131,0.859162,7,0.4664,nan,1.115802,0.11
0.5,1,336,336,revin,1.10813,0.841849,7,0.4664,nan,0.926042,0.22
0.5,1,336,336,cn_oracle,0.106983,0.263301,6,0.4664,nan,0.0,0.12
0.5,1,336,336,cn_est,0.146118,0.30558,4,0.4664,0.358246,0.306742,0.09
0.5,2,96,24,raw,0.751702,0.683731,8,0.5204,nan,0.820357,0.14
0.5,2,96,24,revin,0.785479,0.696555,13,0.5204,nan,0.765827,0.37
0.5,2,96,24,cn_oracle,0.09542,0.245066,8,0.5204,nan,0.0,0.14
0.5,2,96,24,cn_est,0.105663,0.258152,8,0.5204,0.058836,0.051267,0.14
0.5,2,96,96,raw,0.848334,0.728551,15,0.5204,nan,0.824921,0.24
0.5,2,96,96,revin,0.906218,0.75199,11,0.5204,nan,0.818629,0.32
0.5,2,96,96,cn_oracle,0.096962,0.247805,9,0.5204,nan,0.0,0.16
0.5,2,96,96,cn_est,0.110048,0.26395,10,0.5204,0.058836,0.048627,0.17
0.5,2,96,336,raw,0.869027,0.741569,7,0.5204,nan,0.819641,0.15
0.5,2,96,336,revin,0.924804,0.763011,11,0.5204,nan,0.819732,0.32
0.5,2,96,336,cn_oracle,0.097219,0.248872,10,0.5204,nan,0.0,0.2
0.5,2,96,336,cn_est,0.121658,0.277701,11,0.5204,0.058836,0.041802,0.21
0.5,2,336,24,raw,0.742806,0.678116,10,0.5204,nan,0.820357,0.19
0.5,2,336,24,revin,0.751686,0.683487,7,0.5204,nan,0.713694,0.21
0.5,2,336,24,cn_oracle,0.097259,0.248528,7,0.5204,nan,0.0,0.14
0.5,2,336,24,cn_est,0.107,0.260104,7,0.5204,0.080184,0.051267,0.11
0.5,2,336,96,raw,0.840572,0.724481,9,0.5204,nan,0.824921,0.17
0.5,2,336,96,revin,0.839943,0.724062,7,0.5204,nan,0.725945,0.23
0.5,2,336,96,cn_oracle,0.098173,0.249894,5,0.5204,nan,0.0,0.1
0.5,2,336,96,cn_est,0.111458,0.265604,8,0.5204,0.080184,0.048627,0.14
0.5,2,336,336,raw,0.869892,0.744676,6,0.5204,nan,0.819641,0.12
0.5,2,336,336,revin,0.880429,0.747627,7,0.5204,nan,0.751677,0.23
0.5,2,336,336,cn_oracle,0.098195,0.249854,5,0.5204,nan,0.0,0.08
0.5,2,336,336,cn_est,0.125343,0.282021,6,0.5204,0.080184,0.041802,0.14
0.5,3,96,24,raw,0.694879,0.650545,7,0.4994,nan,0.690361,0.12
0.5,3,96,24,revin,0.731847,0.66444,10,0.4994,nan,0.739673,0.33
0.5,3,96,24,cn_oracle,0.083874,0.23213,5,0.4994,nan,0.0,0.09
0.5,3,96,24,cn_est,0.094602,0.245524,10,0.4994,0.023593,0.02394,0.19
0.5,3,96,96,raw,0.797488,0.702655,10,0.4994,nan,0.691634,0.17
0.5,3,96,96,revin,0.872316,0.735028,7,0.4994,nan,0.784029,0.2
0.5,3,96,96,cn_oracle,0.085819,0.234406,7,0.4994,nan,0.0,0.26
0.5,3,96,96,cn_est,0.099874,0.251648,12,0.4994,0.023593,0.024061,0.21
0.5,3,96,336,raw,0.814107,0.71517,11,0.4994,nan,0.688346,0.18
0.5,3,96,336,revin,0.910232,0.758967,15,0.4994,nan,0.799309,0.39
0.5,3,96,336,cn_oracle,0.084851,0.232875,7,0.4994,nan,0.0,0.14
0.5,3,96,336,cn_est,0.109186,0.262104,15,0.4994,0.023593,0.023436,0.27
0.5,3,336,24,raw,0.737246,0.673822,8,0.4994,nan,0.690361,0.16
0.5,3,336,24,revin,0.743439,0.676261,8,0.4994,nan,0.72285,0.21
0.5,3,336,24,cn_oracle,0.084574,0.232823,8,0.4994,nan,0.0,0.13
0.5,3,336,24,cn_est,0.094932,0.245744,9,0.4994,0.023354,0.02394,0.16
0.5,3,336,96,raw,0.830486,0.719275,5,0.4994,nan,0.691634,0.1
0.5,3,336,96,revin,0.843569,0.725954,7,0.4994,nan,0.731865,0.19
0.5,3,336,96,cn_oracle,0.085751,0.233793,7,0.4994,nan,0.0,0.12
0.5,3,336,96,cn_est,0.098845,0.250401,10,0.4994,0.023354,0.024061,0.2
0.5,3,336,336,raw,0.833643,0.723752,10,0.4994,nan,0.688346,0.21
0.5,3,336,336,revin,0.858189,0.733656,7,0.4994,nan,0.7152,0.19
0.5,3,336,336,cn_oracle,0.084995,0.232538,7,0.4994,nan,0.0,0.12
0.5,3,336,336,cn_est,0.109635,0.262923,11,0.4994,0.023354,0.023436,0.19
0.5,4,96,24,raw,0.81871,0.714653,8,0.4644,nan,1.182778,0.16
0.5,4,96,24,revin,0.824326,0.718305,14,0.4644,nan,0.873241,0.42
0.5,4,96,24,cn_oracle,0.102015,0.2552,6,0.4644,nan,0.0,0.12
0.5,4,96,24,cn_est,0.112872,0.26856,11,0.4644,0.446637,0.443436,0.22
0.5,4,96,96,raw,1.038219,0.814132,4,0.4644,nan,1.184746,0.08
0.5,4,96,96,revin,1.044609,0.815852,7,0.4644,nan,0.978167,0.18
0.5,4,96,96,cn_oracle,0.102169,0.255361,6,0.4644,nan,0.0,0.12
0.5,4,96,96,cn_est,0.115193,0.271411,6,0.4644,0.446637,0.443227,0.1
0.5,4,96,336,raw,1.07798,0.831842,14,0.4644,nan,1.202638,0.22
0.5,4,96,336,revin,1.061573,0.822096,10,0.4644,nan,0.963912,0.27
0.5,4,96,336,cn_oracle,0.10177,0.254494,7,0.4644,nan,0.0,0.14
0.5,4,96,336,cn_est,0.116527,0.272695,12,0.4644,0.446637,0.442069,0.2
0.5,4,336,24,raw,0.802665,0.7074,6,0.4644,nan,1.182778,0.15
0.5,4,336,24,revin,0.787737,0.700903,6,0.4644,nan,0.804018,0.19
0.5,4,336,24,cn_oracle,0.102286,0.255192,6,0.4644,nan,0.0,0.12
0.5,4,336,24,cn_est,0.114415,0.270325,8,0.4644,0.448129,0.443436,0.13
0.5,4,336,96,raw,0.973249,0.788743,7,0.4644,nan,1.184746,0.13
0.5,4,336,96,revin,0.954508,0.781481,7,0.4644,nan,0.816956,0.22
0.5,4,336,96,cn_oracle,0.102432,0.255162,5,0.4644,nan,0.0,0.09
0.5,4,336,96,cn_est,0.119804,0.276339,7,0.4644,0.448129,0.443227,0.18
0.5,4,336,336,raw,1.013129,0.80553,12,0.4644,nan,1.202638,0.25
0.5,4,336,336,revin,0.967525,0.786939,7,0.4644,nan,0.812127,0.23
0.5,4,336,336,cn_oracle,0.102376,0.25546,5,0.4644,nan,0.0,0.1
0.5,4,336,336,cn_est,0.121289,0.278415,7,0.4644,0.448129,0.442069,0.14
0.5,5,96,24,raw,1.253632,0.894059,13,0.4717,nan,1.674355,0.29
0.5,5,96,24,revin,0.969783,0.773496,8,0.4717,nan,0.952232,0.26
0.5,5,96,24,cn_oracle,0.106898,0.258893,6,0.4717,nan,0.0,0.1
0.5,5,96,24,cn_est,0.129669,0.285623,9,0.4717,0.870241,0.878263,0.18
0.5,5,96,96,raw,1.486167,0.991672,8,0.4717,nan,1.682762,0.16
0.5,5,96,96,revin,1.105082,0.833717,8,0.4717,nan,0.96914,0.24
0.5,5,96,96,cn_oracle,0.10765,0.260527,7,0.4717,nan,0.0,0.15
0.5,5,96,96,cn_est,0.145258,0.303583,7,0.4717,0.870241,0.878675,0.13
0.5,5,96,336,raw,1.652189,1.056999,9,0.4717,nan,1.673848,0.19
0.5,5,96,336,revin,1.116097,0.842348,9,0.4717,nan,0.972584,0.27
0.5,5,96,336,cn_oracle,0.107226,0.259274,7,0.4717,nan,0.0,0.14
0.5,5,96,336,cn_est,0.166656,0.326211,6,0.4717,0.870241,0.882191,0.12
0.5,5,336,24,raw,1.131015,0.845467,12,0.4717,nan,1.674355,0.22
0.5,5,336,24,revin,0.93016,0.762903,7,0.4717,nan,0.902744,0.21
0.5,5,336,24,cn_oracle,0.106987,0.259478,5,0.4717,nan,0.0,0.1
0.5,5,336,24,cn_est,0.140996,0.298767,8,0.4717,0.844621,0.878263,0.16
0.5,5,336,96,raw,1.45485,0.974916,5,0.4717,nan,1.682762,0.09
0.5,5,336,96,revin,1.029991,0.807595,5,0.4717,nan,0.904576,0.16
0.5,5,336,96,cn_oracle,0.108204,0.261045,6,0.4717,nan,0.0,0.12
0.5,5,336,96,cn_est,0.147869,0.30483,8,0.4717,0.844621,0.878675,0.13
0.5,5,336,336,raw,1.486709,0.988947,8,0.4717,nan,1.673848,0.18
0.5,5,336,336,revin,1.054189,0.815552,8,0.4717,nan,0.907146,0.23
0.5,5,336,336,cn_oracle,0.108065,0.260577,5,0.4717,nan,0.0,0.1
0.5,5,336,336,cn_est,0.169137,0.326833,6,0.4717,0.844621,0.882191,0.09
0.5,6,96,24,raw,0.888163,0.74316,8,0.4726,nan,1.317909,0.17
0.5,6,96,24,revin,0.871034,0.736037,8,0.4726,nan,0.884677,0.24
0.5,6,96,24,cn_oracle,0.104399,0.256617,7,0.4726,nan,0.0,0.13
0.5,6,96,24,cn_est,0.116312,0.270308,7,0.4726,0.469253,0.472437,0.14
0.5,6,96,96,raw,1.176594,0.868155,10,0.4726,nan,1.302906,0.2
0.5,6,96,96,revin,1.053343,0.818536,6,0.4726,nan,0.959934,0.19
0.5,6,96,96,cn_oracle,0.10715,0.260263,6,0.4726,nan,0.0,0.1
0.5,6,96,96,cn_est,0.121178,0.276802,7,0.4726,0.469253,0.469969,0.14
0.5,6,96,336,raw,1.163115,0.870371,11,0.4726,nan,1.28583,0.21
0.5,6,96,336,revin,1.081008,0.831765,12,0.4726,nan,0.962156,0.33
0.5,6,96,336,cn_oracle,0.106419,0.259789,8,0.4726,nan,0.0,0.14
0.5,6,96,336,cn_est,0.123143,0.279813,13,0.4726,0.469253,0.465979,0.28
0.5,6,336,24,raw,0.848358,0.727376,11,0.4726,nan,1.317909,0.2
0.5,6,336,24,revin,0.843181,0.727284,7,0.4726,nan,0.840025,0.2
0.5,6,336,24,cn_oracle,0.105002,0.258188,8,0.4726,nan,0.0,0.13
0.5,6,336,24,cn_est,0.11854,0.273982,6,0.4726,0.467008,0.472437,0.14
0.5,6,336,96,raw,1.043367,0.818311,13,0.4726,nan,1.302906,0.22
0.5,6,336,96,revin,0.960601,0.783138,11,0.4726,nan,0.843654,0.29
0.5,6,336,96,cn_oracle,0.106838,0.260174,5,0.4726,nan,0.0,0.13
0.5,6,336,96,cn_est,0.128205,0.285323,6,0.4726,0.467008,0.469969,0.12
0.5,6,336,336,raw,1.03255,0.814798,11,0.4726,nan,1.28583,0.21
0.5,6,336,336,revin,0.966525,0.785329,6,0.4726,nan,0.823501,0.17
0.5,6,336,336,cn_oracle,0.105649,0.259284,6,0.4726,nan,0.0,0.11
0.5,6,336,336,cn_est,0.124172,0.281009,6,0.4726,0.467008,0.465979,0.11
0.5,7,96,24,raw,1.242855,0.878856,8,0.4973,nan,1.69837,0.16
0.5,7,96,24,revin,1.008397,0.79571,9,0.4973,nan,1.063571,0.36
0.5,7,96,24,cn_oracle,0.102021,0.255168,7,0.4973,nan,0.0,0.12
0.5,7,96,24,cn_est,0.135621,0.291554,9,0.4973,0.635226,0.651535,0.16
0.5,7,96,96,raw,1.583561,1.00494,12,0.4973,nan,1.719362,0.23
0.5,7,96,96,revin,1.217485,0.877134,6,0.4973,nan,1.138382,0.17
0.5,7,96,96,cn_oracle,0.102002,0.254753,7,0.4973,nan,0.0,0.12
0.5,7,96,96,cn_est,0.15095,0.307874,9,0.4973,0.635226,0.65986,0.18
0.5,7,96,336,raw,1.673208,1.038934,14,0.4973,nan,1.752823,0.23
0.5,7,96,336,revin,1.303864,0.909755,7,0.4973,nan,1.183632,0.2
0.5,7,96,336,cn_oracle,0.102597,0.254802,9,0.4973,nan,0.0,0.22
0.5,7,96,336,cn_est,0.209023,0.3608,10,0.4973,0.635226,0.68953,0.18
0.5,7,336,24,raw,1.113972,0.834937,12,0.4973,nan,1.69837,0.25
0.5,7,336,24,revin,0.968032,0.77784,12,0.4973,nan,1.000566,0.35
0.5,7,336,24,cn_oracle,0.101241,0.253283,5,0.4973,nan,0.0,0.12
0.5,7,336,24,cn_est,0.136786,0.292751,10,0.4973,0.600436,0.651535,0.21
0.5,7,336,96,raw,1.48278,0.970036,8,0.4973,nan,1.719362,0.13
0.5,7,336,96,revin,1.171072,0.864475,10,0.4973,nan,1.04609,0.26
0.5,7,336,96,cn_oracle,0.102427,0.254635,8,0.4973,nan,0.0,0.17
0.5,7,336,96,cn_est,0.156535,0.313335,6,0.4973,0.600436,0.65986,0.1
0.5,7,336,336,raw,1.654254,1.030892,12,0.4973,nan,1.752823,0.2
0.5,7,336,336,revin,1.272045,0.900051,10,0.4973,nan,1.113988,0.29
0.5,7,336,336,cn_oracle,0.103441,0.255673,8,0.4973,nan,0.0,0.15
0.5,7,336,336,cn_est,0.229135,0.378114,7,0.4973,0.600436,0.68953,0.13
0.5,8,96,24,raw,0.69775,0.661937,9,0.5231,nan,0.838814,0.15
0.5,8,96,24,revin,0.723085,0.674785,9,0.5231,nan,0.763634,0.33
0.5,8,96,24,cn_oracle,0.086505,0.235558,8,0.5231,nan,0.0,0.14
0.5,8,96,24,cn_est,0.094626,0.245716,11,0.5231,0.17481,0.179545,0.18
0.5,8,96,96,raw,0.828102,0.721774,11,0.5231,nan,0.84037,0.18
0.5,8,96,96,revin,0.878566,0.748054,8,0.5231,nan,0.817787,0.23
0.5,8,96,96,cn_oracle,0.087527,0.237015,7,0.5231,nan,0.0,0.12
0.5,8,96,96,cn_est,0.097064,0.24896,11,0.5231,0.17481,0.182634,0.22
0.5,8,96,336,raw,0.8726,0.741501,11,0.5231,nan,0.854377,0.18
0.5,8,96,336,revin,0.911741,0.763399,11,0.5231,nan,0.819519,0.29
0.5,8,96,336,cn_oracle,0.089246,0.238699,11,0.5231,nan,0.0,0.18
0.5,8,96,336,cn_est,0.116031,0.271639,12,0.5231,0.17481,0.193026,0.21
0.5,8,336,24,raw,0.725855,0.675408,8,0.5231,nan,0.838814,0.16
0.5,8,336,24,revin,0.725474,0.676004,8,0.5231,nan,0.703167,0.22
0.5,8,336,24,cn_oracle,0.088083,0.236675,5,0.5231,nan,0.0,0.1
0.5,8,336,24,cn_est,0.097373,0.248523,8,0.5231,0.165557,0.179545,0.13
0.5,8,336,96,raw,0.835387,0.726521,9,0.5231,nan,0.84037,0.16
0.5,8,336,96,revin,0.836999,0.730425,9,0.5231,nan,0.71752,0.25
0.5,8,336,96,cn_oracle,0.089542,0.238985,5,0.5231,nan,0.0,0.1
0.5,8,336,96,cn_est,0.102573,0.255046,9,0.5231,0.165557,0.182634,0.16
0.5,8,336,336,raw,0.878809,0.744441,5,0.5231,nan,0.854377,0.09
0.5,8,336,336,revin,0.855963,0.738967,7,0.5231,nan,0.711608,0.22
0.5,8,336,336,cn_oracle,0.091072,0.24124,5,0.5231,nan,0.0,0.09
0.5,8,336,336,cn_est,0.117125,0.273178,7,0.5231,0.165557,0.193026,0.12
0.5,9,96,24,raw,0.773134,0.695002,9,0.5198,nan,0.775245,0.16
0.5,9,96,24,revin,0.815004,0.715553,9,0.5198,nan,0.782245,0.28
0.5,9,96,24,cn_oracle,0.087082,0.23544,7,0.5198,nan,0.0,0.14
0.5,9,96,24,cn_est,0.096077,0.246311,13,0.5198,0.044218,0.045011,0.22
0.5,9,96,96,raw,0.862117,0.737531,7,0.5198,nan,0.776565,0.13
0.5,9,96,96,revin,0.919134,0.765873,11,0.5198,nan,0.82382,0.31
0.5,9,96,96,cn_oracle,0.088513,0.237567,7,0.5198,nan,0.0,0.15
0.5,9,96,96,cn_est,0.099486,0.250289,8,0.5198,0.044218,0.045551,0.23
0.5,9,96,336,raw,0.925263,0.764145,10,0.5198,nan,0.784922,0.17
0.5,9,96,336,revin,1.015786,0.803474,9,0.5198,nan,0.906543,0.23
0.5,9,96,336,cn_oracle,0.088416,0.237508,8,0.5198,nan,0.0,0.15
0.5,9,96,336,cn_est,0.10984,0.263491,6,0.5198,0.044218,0.047778,0.11
0.5,9,336,24,raw,0.792082,0.704036,12,0.5198,nan,0.775245,0.21
0.5,9,336,24,revin,0.793708,0.706009,7,0.5198,nan,0.793281,0.2
0.5,9,336,24,cn_oracle,0.087485,0.236275,6,0.5198,nan,0.0,0.14
0.5,9,336,24,cn_est,0.095387,0.24512,10,0.5198,0.04262,0.045011,0.17
0.5,9,336,96,raw,0.91213,0.761253,5,0.5198,nan,0.776565,0.17
0.5,9,336,96,revin,0.928201,0.768741,10,0.5198,nan,0.814566,0.27
0.5,9,336,96,cn_oracle,0.088944,0.238499,6,0.5198,nan,0.0,0.11
0.5,9,336,96,cn_est,0.100009,0.250851,7,0.5198,0.04262,0.045551,0.13
0.5,9,336,336,raw,0.957165,0.779144,8,0.5198,nan,0.784922,0.13
0.5,9,336,336,revin,0.99366,0.794241,12,0.5198,nan,0.856743,0.33
0.5,9,336,336,cn_oracle,0.089583,0.23939,5,0.5198,nan,0.0,0.09
0.5,9,336,336,cn_est,0.110675,0.264657,8,0.5198,0.04262,0.047778,0.13
0.6,0,96,24,raw,0.861458,0.734159,6,0.5941,nan,0.990769,0.11
0.6,0,96,24,revin,0.888452,0.745034,7,0.5941,nan,0.931599,0.2
0.6,0,96,24,cn_oracle,0.078944,0.224557,9,0.5941,nan,0.0,0.18
0.6,0,96,24,cn_est,0.087976,0.237081,11,0.5941,0.114237,0.114833,0.21
0.6,0,96,96,raw,0.975713,0.784458,9,0.5941,nan,0.99047,0.18
0.6,0,96,96,revin,1.03009,0.807495,6,0.5941,nan,0.951823,0.18
0.6,0,96,96,cn_oracle,0.079497,0.225188,5,0.5941,nan,0.0,0.08
0.6,0,96,96,cn_est,0.089352,0.23865,15,0.5941,0.114237,0.115874,0.24
0.6,0,96,336,raw,1.054695,0.816563,6,0.5941,nan,1.005872,0.1
0.6,0,96,336,revin,1.125289,0.846385,5,0.5941,nan,1.022836,0.14
0.6,0,96,336,cn_oracle,0.078633,0.22405,6,0.5941,nan,0.0,0.1
0.6,0,96,336,cn_est,0.091403,0.240801,7,0.5941,0.114237,0.120064,0.13
0.6,0,336,24,raw,0.888631,0.74575,8,0.5941,nan,0.990769,0.14
0.6,0,336,24,revin,0.901577,0.746806,15,0.5941,nan,0.906279,0.43
0.6,0,336,24,cn_oracle,0.079029,0.224269,6,0.5941,nan,0.0,0.12
0.6,0,336,24,cn_est,0.089198,0.23823,6,0.5941,0.118064,0.114833,0.11
0.6,0,336,96,raw,1.032379,0.808179,8,0.5941,nan,0.99047,0.13
0.6,0,336,96,revin,1.046377,0.814656,8,0.5941,nan,0.918635,0.23
0.6,0,336,96,cn_oracle,0.07961,0.225042,5,0.5941,nan,0.0,0.1
0.6,0,336,96,cn_est,0.089943,0.238983,10,0.5941,0.118064,0.115874,0.19
0.6,0,336,336,raw,1.087189,0.830746,6,0.5941,nan,1.005872,0.1
0.6,0,336,336,revin,1.104966,0.839508,9,0.5941,nan,0.938735,0.23
0.6,0,336,336,cn_oracle,0.078887,0.224107,6,0.5941,nan,0.0,0.1
0.6,0,336,336,cn_est,0.092845,0.242306,8,0.5941,0.118064,0.120064,0.13
0.6,1,96,24,raw,0.846089,0.727334,9,0.581,nan,0.94505,0.18
0.6,1,96,24,revin,0.865739,0.73476,7,0.581,nan,0.886647,0.26
0.6,1,96,24,cn_oracle,0.088305,0.236643,7,0.581,nan,0.0,0.14
0.6,1,96,24,cn_est,0.101932,0.254205,9,0.581,0.169424,0.173898,0.17
0.6,1,96,96,raw,0.957935,0.779886,9,0.581,nan,0.946745,0.18
0.6,1,96,96,revin,1.008821,0.798702,6,0.581,nan,0.926935,0.2
0.6,1,96,96,cn_oracle,0.089117,0.238146,7,0.581,nan,0.0,0.12
0.6,1,96,96,cn_est,0.110896,0.265532,8,0.581,0.169424,0.175925,0.17
0.6,1,96,336,raw,1.000598,0.798937,6,0.581,nan,0.942029,0.12
0.6,1,96,336,revin,1.085073,0.833372,11,0.581,nan,0.984425,0.28
0.6,1,96,336,cn_oracle,0.089635,0.239146,7,0.581,nan,0.0,0.13
0.6,1,96,336,cn_est,0.138214,0.296862,10,0.581,0.169424,0.17733,0.18
0.6,1,336,24,raw,0.840104,0.72524,15,0.581,nan,0.94505,0.25
0.6,1,336,24,revin,0.843634,0.725904,11,0.581,nan,0.852085,0.33
0.6,1,336,24,cn_oracle,0.089092,0.237836,5,0.581,nan,0.0,0.11
0.6,1,336,24,cn_est,0.102186,0.254141,6,0.581,0.162193,0.173898,0.12
0.6,1,336,96,raw,0.970147,0.787486,11,0.581,nan,0.946745,0.25
0.6,1,336,96,revin,0.981702,0.791869,11,0.581,nan,0.873607,0.28
0.6,1,336,96,cn_oracle,0.090131,0.239564,5,0.581,nan,0.0,0.1
0.6,1,336,96,cn_est,0.112774,0.267212,11,0.581,0.162193,0.175925,0.19
0.6,1,336,336,raw,1.041208,0.81655,7,0.581,nan,0.942029,0.12
0.6,1,336,336,revin,1.072603,0.829388,6,0.581,nan,0.932847,0.16
0.6,1,336,336,cn_oracle,0.090449,0.240368,6,0.581,nan,0.0,0.1
0.6,1,336,336,cn_est,0.14053,0.299105,8,0.581,0.162193,0.17733,0.13
0.6,2,96,24,raw,0.844657,0.726221,6,0.6092,nan,0.875079,0.1
0.6,2,96,24,revin,0.923804,0.756094,9,0.6092,nan,1.020509,0.37
0.6,2,96,24,cn_oracle,0.08861,0.237573,9,0.6092,nan,0.0,0.15
0.6,2,96,24,cn_est,0.094901,0.245821,7,0.6092,0.029506,0.02881,0.14
0.6,2,96,96,raw,0.988575,0.788109,10,0.6092,nan,0.881071,0.17
0.6,2,96,96,revin,1.119501,0.842143,5,0.6092,nan,1.037302,0.14
0.6,2,96,96,cn_oracle,0.088421,0.237093,7,0.6092,nan,0.0,0.11
0.6,2,96,96,cn_est,0.095495,0.247162,11,0.6092,0.029506,0.028534,0.18
0.6,2,96,336,raw,1.012451,0.800671,12,0.6092,nan,0.882184,0.19
0.6,2,96,336,revin,1.159392,0.862098,9,0.6092,nan,1.045854,0.25
0.6,2,96,336,cn_oracle,0.087671,0.236152,9,0.6092,nan,0.0,0.14
0.6,2,96,336,cn_est,0.097958,0.250277,7,0.6092,0.029506,0.028005,0.12
0.6,2,336,24,raw,0.885608,0.743191,10,0.6092,nan,0.875079,0.16
0.6,2,336,24,revin,0.892649,0.749603,5,0.6092,nan,0.902018,0.14
0.6,2,336,24,cn_oracle,0.087787,0.235952,6,0.6092,nan,0.0,0.1
0.6,2,336,24,cn_est,0.093616,0.243743,7,0.6092,0.030968,0.02881,0.11
0.6,2,336,96,raw,1.02556,0.807083,5,0.6092,nan,0.881071,0.1
0.6,2,336,96,revin,1.036888,0.811711,6,0.6092,nan,0.915491,0.18
0.6,2,336,96,cn_oracle,0.088905,0.237524,5,0.6092,nan,0.0,0.1
0.6,2,336,96,cn_est,0.095958,0.247161,11,0.6092,0.030968,0.028534,0.21
0.6,2,336,336,raw,1.037496,0.809851,10,0.6092,nan,0.882184,0.19
0.6,2,336,336,revin,1.060987,0.822112,8,0.6092,nan,0.910184,0.23
0.6,2,336,336,cn_oracle,0.088813,0.237865,5,0.6092,nan,0.0,0.1
0.6,2,336,336,cn_est,0.099071,0.251631,5,0.6092,0.030968,0.028005,0.1
0.6,3,96,24,raw,0.964485,0.773703,12,0.5564,nan,1.202296,0.23
0.6,3,96,24,revin,0.984152,0.781192,12,0.5564,nan,1.059091,0.34
0.6,3,96,24,cn_oracle,0.093158,0.242726,8,0.5564,nan,0.0,0.15
0.6,3,96,24,cn_est,0.107753,0.260858,6,0.5564,0.332393,0.34064,0.11
0.6,3,96,96,raw,1.182887,0.863805,7,0.5564,nan,1.21461,0.11
0.6,3,96,96,revin,1.211299,0.876841,7,0.5564,nan,1.143759,0.2
0.6,3,96,96,cn_oracle,0.095452,0.246349,6,0.5564,nan,0.0,0.11
0.6,3,96,96,cn_est,0.118956,0.27369,5,0.5564,0.332393,0.34354,0.1
0.6,3,96,336,raw,1.24926,0.885313,9,0.5564,nan,1.238409,0.17
0.6,3,96,336,revin,1.246591,0.888522,7,0.5564,nan,1.151944,0.21
0.6,3,96,336,cn_oracle,0.094768,0.2455,7,0.5564,nan,0.0,0.12
0.6,3,96,336,cn_est,0.144937,0.302088,8,0.5564,0.332393,0.34709,0.13
0.6,3,336,24,raw,0.953978,0.774242,11,0.5564,nan,1.202296,0.23
0.6,3,336,24,revin,0.95926,0.775756,11,0.5564,nan,0.991427,0.28
0.6,3,336,24,cn_oracle,0.093447,0.242372,5,0.5564,nan,0.0,0.08
0.6,3,336,24,cn_est,0.109359,0.263159,7,0.5564,0.319009,0.34064,0.12
0.6,3,336,96,raw,1.184044,0.866229,8,0.5564,nan,1.21461,0.13
0.6,3,336,96,revin,1.136412,0.848803,5,0.5564,nan,1.026126,0.14
0.6,3,336,96,cn_oracle,0.095575,0.245642,6,0.5564,nan,0.0,0.1
0.6,3,336,96,cn_est,0.125654,0.281381,8,0.5564,0.319009,0.34354,0.13
0.6,3,336,336,raw,1.288711,0.900232,6,0.5564,nan,1.238409,0.13
0.6,3,336,336,revin,1.170938,0.859685,6,0.5564,nan,1.0276,0.18
0.6,3,336,336,cn_oracle,0.094923,0.245195,6,0.5564,nan,0.0,0.11
0.6,3,336,336,cn_est,0.150992,0.308492,6,0.5564,0.319009,0.34709,0.15
0.6,4,96,24,raw,0.96655,0.784246,7,0.5799,nan,1.194834,0.12
0.6,4,96,24,revin,1.002411,0.793051,10,0.5799,nan,1.113877,0.33
0.6,4,96,24,cn_oracle,0.081593,0.227083,9,0.5799,nan,0.0,0.19
0.6,4,96,24,cn_est,0.093461,0.243292,9,0.5799,0.306962,0.309506,0.17
0.6,4,96,96,raw,1.13076,0.856856,9,0.5799,nan,1.186288,0.17
0.6,4,96,96,revin,1.192665,0.878603,6,0.5799,nan,1.126531,0.19
0.6,4,96,96,cn_oracle,0.083366,0.229186,9,0.5799,nan,0.0,0.15
0.6,4,96,96,cn_est,0.098307,0.249304,7,0.5799,0.306962,0.308344,0.12
0.6,4,96,336,raw,1.15325,0.869072,7,0.5799,nan,1.177624,0.15
0.6,4,96,336,revin,1.136741,0.859211,7,0.5799,nan,1.055445,0.19
0.6,4,96,336,cn_oracle,0.083093,0.229488,6,0.5799,nan,0.0,0.09
0.6,4,96,336,cn_est,0.106048,0.260131,10,0.5799,0.306962,0.308961,0.19
0.6,4,336,24,raw,0.962182,0.78361,9,0.5799,nan,1.194834,0.17
0.6,4,336,24,revin,0.944431,0.775931,8,0.5799,nan,0.96313,0.3
0.6,4,336,24,cn_oracle,0.081683,0.228239,5,0.5799,nan,0.0,0.08
0.6,4,336,24,cn_est,0.096353,0.24771,9,0.5799,0.299088,0.309506,0.15
0.6,4,336,96,raw,1.120273,0.853268,7,0.5799,nan,1.186288,0.12
0.6,4,336,96,revin,1.075775,0.835341,7,0.5799,nan,0.959699,0.2
0.6,4,336,96,cn_oracle,0.083215,0.230336,5,0.5799,nan,0.0,0.09
0.6,4,336,96,cn_est,0.101297,0.25432,13,0.5799,0.299088,0.308344,0.2
0.6,4,336,336,raw,1.1401,0.864285,5,0.5799,nan,1.177624,0.1
0.6,4,336,336,revin,1.085307,0.84161,5,0.5799,nan,0.94593,0.15
0.6,4,336,336,cn_oracle,0.083814,0.231125,6,0.5799,nan,0.0,0.12
0.6,4,336,336,cn_est,0.108582,0.263291,8,0.5799,0.299088,0.308961,0.14
0.6,5,96,24,raw,0.738124,0.673461,12,0.6399,nan,0.728197,0.19
0.6,5,96,24,revin,0.789498,0.692132,11,0.6399,nan,0.811667,0.3
0.6,5,96,24,cn_oracle,0.077773,0.2223,9,0.6399,nan,0.0,0.17
0.6,5,96,24,cn_est,0.089381,0.238705,13,0.6399,0.023683,0.023099,0.23
0.6,5,96,96,raw,0.85851,0.726688,6,0.6399,nan,0.719822,0.1
0.6,5,96,96,revin,0.950883,0.760628,6,0.6399,nan,0.881646,0.17
0.6,5,96,96,cn_oracle,0.07952,0.224634,7,0.6399,nan,0.0,0.14
0.6,5,96,96,cn_est,0.093547,0.244033,14,0.6399,0.023683,0.02247,0.23
0.6,5,96,336,raw,0.861532,0.733511,7,0.6399,nan,0.725645,0.15
0.6,5,96,336,revin,0.964922,0.77597,9,0.6399,nan,0.877447,0.23
0.6,5,96,336,cn_oracle,0.079451,0.224845,6,0.6399,nan,0.0,0.1
0.6,5,96,336,cn_est,0.098522,0.251016,10,0.6399,0.023683,0.021522,0.16
0.6,5,336,24,raw,0.746344,0.679208,6,0.6399,nan,0.728197,0.14
0.6,5,336,24,revin,0.775206,0.690522,7,0.6399,nan,0.756469,0.19
0.6,5,336,24,cn_oracle,0.078394,0.223825,11,0.6399,nan,0.0,0.21
0.6,5,336,24,cn_est,0.088285,0.237134,12,0.6399,0.023314,0.023099,0.22
0.6,5,336,96,raw,0.83466,0.722259,8,0.6399,nan,0.719822,0.16
0.6,5,336,96,revin,0.861154,0.732985,8,0.6399,nan,0.766881,0.23
0.6,5,336,96,cn_oracle,0.079529,0.225266,5,0.6399,nan,0.0,0.1
0.6,5,336,96,cn_est,0.092472,0.242605,12,0.6399,0.023314,0.02247,0.22
0.6,5,336,336,raw,0.857767,0.733473,8,0.6399,nan,0.725645,0.14
0.6,5,336,336,revin,0.877705,0.743711,7,0.6399,nan,0.764396,0.19
0.6,5,336,336,cn_oracle,0.079963,0.22587,7,0.6399,nan,0.0,0.14
0.6,5,336,336,cn_est,0.097633,0.24989,15,0.6399,0.023314,0.021522,0.28
0.6,6,96,24,raw,1.015836,0.795709,7,0.5836,nan,1.282237,0.12
0.6,6,96,24,revin,0.949344,0.766352,9,0.5836,nan,0.974443,0.27
0.6,6,96,24,cn_oracle,0.082204,0.229462,5,0.5836,nan,0.0,0.09
0.6,6,96,24,cn_est,0.094093,0.243624,6,0.5836,0.424261,0.42633,0.1
0.6,6,96,96,raw,1.171681,0.864296,4,0.5836,nan,1.290632,0.07
0.6,6,96,96,revin,1.081612,0.825322,14,0.5836,nan,1.003156,0.37
0.6,6,96,96,cn_oracle,0.081779,0.228991,6,0.5836,nan,0.0,0.12
0.6,6,96,96,cn_est,0.098679,0.249548,9,0.5836,0.424261,0.427072,0.16
0.6,6,96,336,raw,1.264686,0.902448,9,0.5836,nan,1.313766,0.15
0.6,6,96,336,revin,1.215054,0.87731,9,0.5836,nan,1.108371,0.28
0.6,6,96,336,cn_oracle,0.082099,0.228919,9,0.5836,nan,0.0,0.16
0.6,6,96,336,cn_est,0.111834,0.265302,6,0.5836,0.424261,0.429968,0.18
0.6,6,336,24,raw,0.961148,0.776117,10,0.5836,nan,1.282237,0.18
0.6,6,336,24,revin,0.946873,0.769091,14,0.5836,nan,0.955546,0.37
0.6,6,336,24,cn_oracle,0.081955,0.228313,8,0.5836,nan,0.0,0.14
0.6,6,336,24,cn_est,0.100478,0.252495,10,0.5836,0.417953,0.42633,0.17
0.6,6,336,96,raw,1.180538,0.868302,6,0.5836,nan,1.290632,0.1
0.6,6,336,96,revin,1.099621,0.833795,6,0.5836,nan,0.976175,0.17
0.6,6,336,96,cn_oracle,0.082879,0.229711,6,0.5836,nan,0.0,0.1
0.6,6,336,96,cn_est,0.102624,0.254994,6,0.5836,0.417953,0.427072,0.1
0.6,6,336,336,raw,1.239496,0.89346,7,0.5836,nan,1.313766,0.11
0.6,6,336,336,revin,1.153054,0.858152,7,0.5836,nan,0.992507,0.18
0.6,6,336,336,cn_oracle,0.083317,0.230035,5,0.5836,nan,0.0,0.08
0.6,6,336,336,cn_est,0.1126,0.266199,5,0.5836,0.417953,0.429968,0.1
0.6,7,96,24,raw,0.927715,0.754869,11,0.5501,nan,1.123674,0.2
0.6,7,96,24,revin,0.916269,0.74831,12,0.5501,nan,0.959677,0.35
0.6,7,96,24,cn_oracle,0.080903,0.227553,10,0.5501,nan,0.0,0.2
0.6,7,96,24,cn_est,0.091733,0.241788,10,0.5501,0.377913,0.384915,0.18
0.6,7,96,96,raw,1.088185,0.824706,9,0.5501,nan,1.11771,0.15
0.6,7,96,96,revin,1.003127,0.787324,13,0.5501,nan,0.938457,0.38
0.6,7,96,96,cn_oracle,0.081776,0.228866,9,0.5501,nan,0.0,0.18
0.6,7,96,96,cn_est,0.094871,0.245757,9,0.5501,0.377913,0.388281,0.18
0.6,7,96,336,raw,1.152007,0.85507,11,0.5501,nan,1.124115,0.18
0.6,7,96,336,revin,1.004534,0.791494,13,0.5501,nan,0.929106,0.33
0.6,7,96,336,cn_oracle,0.081278,0.22784,13,0.5501,nan,0.0,0.2
0.6,7,96,336,cn_est,0.112305,0.266915,6,0.5501,0.377913,0.401458,0.1
0.6,7,336,24,raw,0.905025,0.746995,9,0.5501,nan,1.123674,0.14
0.6,7,336,24,revin,0.870478,0.731796,11,0.5501,nan,0.863353,0.28
0.6,7,336,24,cn_oracle,0.081135,0.227449,8,0.5501,nan,0.0,0.13
0.6,7,336,24,cn_est,0.096795,0.248006,6,0.5501,0.361967,0.384915,0.11
0.6,7,336,96,raw,1.05182,0.81128,11,0.5501,nan,1.11771,0.22
0.6,7,336,96,revin,0.986754,0.782686,11,0.5501,nan,0.868252,0.33
0.6,7,336,96,cn_oracle,0.081992,0.228555,5,0.5501,nan,0.0,0.08
0.6,7,336,96,cn_est,0.100584,0.252919,5,0.5501,0.361967,0.388281,0.09
0.6,7,336,336,raw,1.099771,0.833351,10,0.5501,nan,1.124115,0.2
0.6,7,336,336,revin,1.007645,0.79199,9,0.5501,nan,0.885898,0.25
0.6,7,336,336,cn_oracle,0.082038,0.228421,5,0.5501,nan,0.0,0.08
0.6,7,336,336,cn_est,0.128282,0.285752,7,0.5501,0.361967,0.401458,0.12
0.6,8,96,24,raw,0.759807,0.682102,11,0.5823,nan,0.797022,0.21
0.6,8,96,24,revin,0.797975,0.695845,13,0.5823,nan,0.805229,0.36
0.6,8,96,24,cn_oracle,0.088887,0.238433,7,0.5823,nan,0.0,0.13
0.6,8,96,24,cn_est,0.09899,0.250179,14,0.5823,0.099041,0.093606,0.22
0.6,8,96,96,raw,0.859248,0.732945,8,0.5823,nan,0.800108,0.13
0.6,8,96,96,revin,0.916497,0.7559,9,0.5823,nan,0.839888,0.25
0.6,8,96,96,cn_oracle,0.090877,0.241272,12,0.5823,nan,0.0,0.2
0.6,8,96,96,cn_est,0.106701,0.25977,8,0.5823,0.099041,0.090176,0.14
0.6,8,96,336,raw,0.876476,0.744311,4,0.5823,nan,0.766694,0.09
0.6,8,96,336,revin,0.968323,0.785191,11,0.5823,nan,0.870221,0.32
0.6,8,96,336,cn_oracle,0.090385,0.240786,5,0.5823,nan,0.0,0.1
0.6,8,96,336,cn_est,0.116762,0.272603,7,0.5823,0.099041,0.083015,0.14
0.6,8,336,24,raw,0.818178,0.707805,7,0.5823,nan,0.797022,0.14
0.6,8,336,24,revin,0.824455,0.711185,5,0.5823,nan,0.797922,0.16
0.6,8,336,24,cn_oracle,0.09008,0.240867,5,0.5823,nan,0.0,0.1
0.6,8,336,24,cn_est,0.101023,0.25307,10,0.5823,0.106744,0.093606,0.2
0.6,8,336,96,raw,0.900665,0.751362,5,0.5823,nan,0.800108,0.09
0.6,8,336,96,revin,0.910847,0.756949,10,0.5823,nan,0.816048,0.27
0.6,8,336,96,cn_oracle,0.091451,0.242575,6,0.5823,nan,0.0,0.11
0.6,8,336,96,cn_est,0.109265,0.263379,8,0.5823,0.106744,0.090176,0.19
0.6,8,336,336,raw,0.901177,0.755138,5,0.5823,nan,0.766694,0.1
0.6,8,336,336,revin,0.952922,0.779424,5,0.5823,nan,0.829083,0.13
0.6,8,336,336,cn_oracle,0.09151,0.242202,5,0.5823,nan,0.0,0.09
0.6,8,336,336,cn_est,0.118726,0.27501,6,0.5823,0.106744,0.083015,0.11
0.6,9,96,24,raw,0.908392,0.76429,8,0.6184,nan,1.161036,0.14
0.6,9,96,24,revin,0.838492,0.735222,11,0.6184,nan,0.900222,0.32
0.6,9,96,24,cn_oracle,0.073043,0.215855,9,0.6184,nan,0.0,0.19
0.6,9,96,24,cn_est,0.082883,0.229636,8,0.6184,0.320014,0.327112,0.16
0.6,9,96,96,raw,1.035812,0.822039,8,0.6184,nan,1.167448,0.14
0.6,9,96,96,revin,1.00557,0.809077,10,0.6184,nan,0.954244,0.3
0.6,9,96,96,cn_oracle,0.074295,0.21781,9,0.6184,nan,0.0,0.15
0.6,9,96,96,cn_est,0.086537,0.234631,10,0.6184,0.320014,0.327939,0.17
0.6,9,96,336,raw,1.102378,0.848488,10,0.6184,nan,1.18849,0.18
0.6,9,96,336,revin,1.049767,0.821888,13,0.6184,nan,0.970384,0.35
0.6,9,96,336,cn_oracle,0.073873,0.216985,6,0.6184,nan,0.0,0.11
0.6,9,96,336,cn_est,0.087342,0.235384,12,0.6184,0.320014,0.33162,0.23
0.6,9,336,24,raw,0.836083,0.730739,5,0.6184,nan,1.161036,0.09
0.6,9,336,24,revin,0.83779,0.730552,5,0.6184,nan,0.845702,0.16
0.6,9,336,24,cn_oracle,0.074163,0.216918,6,0.6184,nan,0.0,0.12
0.6,9,336,24,cn_est,0.085603,0.232875,7,0.6184,0.303975,0.327112,0.12
0.6,9,336,96,raw,0.968626,0.788425,8,0.6184,nan,1.167448,0.15
0.6,9,336,96,revin,0.943462,0.776002,8,0.6184,nan,0.85397,0.24
0.6,9,336,96,cn_oracle,0.074664,0.217774,10,0.6184,nan,0.0,0.2
0.6,9,336,96,cn_est,0.087315,0.235571,7,0.6184,0.303975,0.327939,0.14
0.6,9,336,336,raw,1.030214,0.814483,6,0.6184,nan,1.18849,0.11
0.6,9,336,336,revin,0.9997,0.799038,6,0.6184,nan,0.875585,0.17
0.6,9,336,336,cn_oracle,0.074292,0.216738,5,0.6184,nan,0.0,0.1
0.6,9,336,336,cn_est,0.090554,0.239528,8,0.6184,0.303975,0.33162,0.14
0.7,0,96,24,raw,0.760009,0.683803,12,0.7124,nan,0.800172,0.19
0.7,0,96,24,revin,0.797048,0.700083,12,0.7124,nan,0.854127,0.35
0.7,0,96,24,cn_oracle,0.074253,0.216865,10,0.7124,nan,0.0,0.17
0.7,0,96,24,cn_est,0.082104,0.227703,9,0.7124,0.026735,0.025985,0.15
0.7,0,96,96,raw,0.861618,0.732236,13,0.7124,nan,0.804407,0.25
0.7,0,96,96,revin,0.934655,0.763914,7,0.7124,nan,0.884947,0.19
0.7,0,96,96,cn_oracle,0.075427,0.218868,9,0.7124,nan,0.0,0.19
0.7,0,96,96,cn_est,0.084846,0.231639,9,0.7124,0.026735,0.026147,0.18
0.7,0,96,336,raw,0.884547,0.744273,9,0.7124,nan,0.812008,0.19
0.7,0,96,336,revin,0.96578,0.783095,15,0.7124,nan,0.897631,0.45
0.7,0,96,336,cn_oracle,0.076024,0.220005,9,0.7124,nan,0.0,0.17
0.7,0,96,336,cn_est,0.087979,0.235901,8,0.7124,0.026735,0.027337,0.16
0.7,0,336,24,raw,0.771279,0.6922,5,0.7124,nan,0.800172,0.11
0.7,0,336,24,revin,0.783848,0.698539,5,0.7124,nan,0.798658,0.19
0.7,0,336,24,cn_oracle,0.075174,0.218238,5,0.7124,nan,0.0,0.09
0.7,0,336,24,cn_est,0.081745,0.227146,10,0.7124,0.029915,0.025985,0.2
0.7,0,336,96,raw,0.865294,0.736546,7,0.7124,nan,0.804407,0.14
0.7,0,336,96,revin,0.884158,0.747416,7,0.7124,nan,0.811134,0.21
0.7,0,336,96,cn_oracle,0.076126,0.219948,6,0.7124,nan,0.0,0.13
0.7,0,336,96,cn_est,0.084692,0.231274,8,0.7124,0.029915,0.026147,0.15
0.7,0,336,336,raw,0.888622,0.74833,8,0.7124,nan,0.812008,0.15
0.7,0,336,336,revin,0.904514,0.756969,8,0.7124,nan,0.809298,0.22
0.7,0,336,336,cn_oracle,0.075922,0.219712,7,0.7124,nan,0.0,0.13
0.7,0,336,336,cn_est,0.087261,0.234394,11,0.7124,0.029915,0.027337,0.19
0.7,1,96,24,raw,0.912915,0.746472,10,0.6902,nan,1.09745,0.2
0.7,1,96,24,revin,0.952196,0.756095,12,0.6902,nan,1.045229,0.32
0.7,1,96,24,cn_oracle,0.069711,0.209963,7,0.6902,nan,0.0,0.13
0.7,1,96,24,cn_est,0.080979,0.223437,7,0.6902,0.126742,0.129738,0.12
0.7,1,96,96,raw,1.084519,0.821607,9,0.6902,nan,1.10394,0.17
0.7,1,96,96,revin,1.122636,0.833924,9,0.6902,nan,1.064058,0.27
0.7,1,96,96,cn_oracle,0.070122,0.21083,7,0.6902,nan,0.0,0.2
0.7,1,96,96,cn_est,0.084306,0.227995,7,0.6902,0.126742,0.130751,0.12
0.7,1,96,336,raw,1.16967,0.858593,10,0.6902,nan,1.130279,0.17
0.7,1,96,336,revin,1.186157,0.864518,11,0.6902,nan,1.092884,0.34
0.7,1,96,336,cn_oracle,0.069983,0.211034,6,0.6902,nan,0.0,0.1
0.7,1,96,336,cn_est,0.091287,0.237346,7,0.6902,0.126742,0.135018,0.14
0.7,1,336,24,raw,0.896737,0.745026,11,0.6902,nan,1.09745,0.18
0.7,1,336,24,revin,0.914882,0.753431,5,0.6902,nan,0.927197,0.14
0.7,1,336,24,cn_oracle,0.069403,0.21022,9,0.6902,nan,0.0,0.15
0.7,1,336,24,cn_est,0.080624,0.222718,6,0.6902,0.121264,0.129738,0.11
0.7,1,336,96,raw,1.096328,0.829626,9,0.6902,nan,1.10394,0.17
0.7,1,336,96,revin,1.089702,0.827117,6,0.6902,nan,0.953813,0.17
0.7,1,336,96,cn_oracle,0.069965,0.211118,5,0.6902,nan,0.0,0.1
0.7,1,336,96,cn_est,0.085557,0.2296,6,0.6902,0.121264,0.130751,0.18
0.7,1,336,336,raw,1.189859,0.869352,7,0.6902,nan,1.130279,0.27
0.7,1,336,336,revin,1.169947,0.863757,7,0.6902,nan,0.993402,0.58
0.7,1,336,336,cn_oracle,0.070611,0.212165,5,0.6902,nan,0.0,0.18
0.7,1,336,336,cn_est,0.09455,0.241796,7,0.6902,0.121264,0.135018,0.31
0.7,2,96,24,raw,0.915206,0.757974,8,0.6944,nan,1.159049,0.24
0.7,2,96,24,revin,0.900554,0.751279,12,0.6944,nan,0.968103,0.55
0.7,2,96,24,cn_oracle,0.078234,0.222095,9,0.6944,nan,0.0,0.21
0.7,2,96,24,cn_est,0.086674,0.234462,7,0.6944,0.23434,0.235574,0.16
0.7,2,96,96,raw,1.12031,0.848626,10,0.6944,nan,1.158003,0.23
0.7,2,96,96,revin,1.155445,0.856598,10,0.6944,nan,1.090032,0.36
0.7,2,96,96,cn_oracle,0.079272,0.223456,6,0.6944,nan,0.0,0.15
0.7,2,96,96,cn_est,0.089802,0.238815,8,0.6944,0.23434,0.235176,0.3
0.7,2,96,336,raw,1.176956,0.869673,11,0.6944,nan,1.143596,0.77
0.7,2,96,336,revin,1.208822,0.873007,8,0.6944,nan,1.113689,0.63
0.7,2,96,336,cn_oracle,0.079193,0.223514,7,0.6944,nan,0.0,0.44
0.7,2,96,336,cn_est,0.09226,0.242039,8,0.6944,0.23434,0.233783,0.53
0.7,2,336,24,raw,0.991217,0.789659,8,0.6944,nan,1.159049,0.52
0.7,2,336,24,revin,0.909567,0.75273,8,0.6944,nan,0.915594,0.47
0.7,2,336,24,cn_oracle,0.077627,0.221509,6,0.6944,nan,0.0,0.27
0.7,2,336,24,cn_est,0.087401,0.235346,12,0.6944,0.229938,0.235574,0.54
0.7,2,336,96,raw,1.09773,0.835753,7,0.6944,nan,1.158003,0.32
0.7,2,336,96,revin,1.055108,0.81263,7,0.6944,nan,0.954407,0.73
0.7,2,336,96,cn_oracle,0.078672,0.222886,9,0.6944,nan,0.0,0.42
0.7,2,336,96,cn_est,0.091546,0.240998,5,0.6944,0.229938,0.235176,0.28
0.7,2,336,336,raw,1.115457,0.844875,7,0.6944,nan,1.143596,0.16
0.7,2,336,336,revin,1.071413,0.821593,7,0.6944,nan,0.945143,0.32
0.7,2,336,336,cn_oracle,0.079474,0.224086,6,0.6944,nan,0.0,0.38
0.7,2,336,336,cn_est,0.093444,0.243587,7,0.6944,0.229938,0.233783,0.17
0.7,3,96,24,raw,0.796737,0.705942,12,0.6755,nan,0.950763,0.38
0.7,3,96,24,revin,0.770618,0.690175,12,0.6755,nan,0.781316,0.56
0.7,3,96,24,cn_oracle,0.074934,0.217643,7,0.6755,nan,0.0,0.24
0.7,3,96,24,cn_est,0.083553,0.229242,13,0.6755,0.147503,0.148672,0.31
0.7,3,96,96,raw,0.896745,0.753948,9,0.6755,nan,0.94335,0.25
0.7,3,96,96,revin,0.878158,0.739391,9,0.6755,nan,0.814138,0.35
0.7,3,96,96,cn_oracle,0.075656,0.218748,7,0.6755,nan,0.0,0.17
0.7,3,96,96,cn_est,0.087816,0.235735,8,0.6755,0.147503,0.150076,0.2
0.7,3,96,336,raw,0.934418,0.77385,8,0.6755,nan,0.948837,0.22
0.7,3,96,336,revin,0.905795,0.755307,7,0.6755,nan,0.824801,0.43
0.7,3,96,336,cn_oracle,0.075674,0.21893,8,0.6755,nan,0.0,0.24
0.7,3,96,336,cn_est,0.097472,0.249395,8,0.6755,0.147503,0.154023,0.19
0.7,3,336,24,raw,0.794757,0.703455,8,0.6755,nan,0.950763,0.21
0.7,3,336,24,revin,0.759562,0.685474,9,0.6755,nan,0.737458,0.34
0.7,3,336,24,cn_oracle,0.074305,0.216791,11,0.6755,nan,0.0,0.32
0.7,3,336,24,cn_est,0.08563,0.232414,11,0.6755,0.141616,0.148672,0.33
0.7,3,336,96,raw,0.883596,0.745791,7,0.6755,nan,0.94335,0.2
0.7,3,336,96,revin,0.836009,0.722353,12,0.6755,nan,0.737305,0.69
0.7,3,336,96,cn_oracle,0.075002,0.217817,7,0.6755,nan,0.0,0.26
0.7,3,336,96,cn_est,0.0914,0.240593,7,0.6755,0.141616,0.150076,0.29
0.7,3,336,336,raw,0.919926,0.76627,8,0.6755,nan,0.948837,0.22
0.7,3,336,336,revin,0.842025,0.729284,8,0.6755,nan,0.730312,0.33
0.7,3,336,336,cn_oracle,0.075739,0.21888,6,0.6755,nan,0.0,0.14
0.7,3,336,336,cn_est,0.097279,0.248858,8,0.6755,0.141616,0.154023,0.18
0.7,4,96,24,raw,0.778766,0.694122,10,0.6877,nan,0.855168,0.4
0.7,4,96,24,revin,0.817245,0.713498,11,0.6877,nan,0.871612,0.88
0.7,4,96,24,cn_oracle,0.072099,0.21455,10,0.6877,nan,0.0,0.44
0.7,4,96,24,cn_est,0.080542,0.225375,11,0.6877,0.047928,0.048956,0.49
0.7,4,96,96,raw,0.882421,0.74233,7,0.6877,nan,0.84013,0.51
0.7,4,96,96,revin,0.951235,0.777389,7,0.6877,nan,0.897435,0.47
0.7,4,96,96,cn_oracle,0.072931,0.216086,7,0.6877,nan,0.0,0.17
0.7,4,96,96,cn_est,0.081894,0.22751,7,0.6877,0.047928,0.047845,0.17
0.7,4,96,336,raw,0.911748,0.75432,12,0.6877,nan,0.827564,0.28
0.7,4,96,336,revin,0.992487,0.791372,8,0.6877,nan,0.898983,0.29
0.7,4,96,336,cn_oracle,0.072518,0.215996,6,0.6877,nan,0.0,0.14
0.7,4,96,336,cn_est,0.083575,0.231804,9,0.6877,0.047928,0.046705,0.21
0.7,4,336,24,raw,0.813098,0.707644,9,0.6877,nan,0.855168,0.45
0.7,4,336,24,revin,0.817583,0.709589,9,0.6877,nan,0.805406,0.92
0.7,4,336,24,cn_oracle,0.071962,0.214416,9,0.6877,nan,0.0,0.42
0.7,4,336,24,cn_est,0.079756,0.22494,7,0.6877,0.045439,0.048956,0.27
0.7,4,336,96,raw,0.925528,0.761987,7,0.6877,nan,0.84013,0.28
0.7,4,336,96,revin,0.934397,0.766051,7,0.6877,nan,0.81126,0.46
0.7,4,336,96,cn_oracle,0.073016,0.216083,5,0.6877,nan,0.0,0.2
0.7,4,336,96,cn_est,0.081694,0.228081,5,0.6877,0.045439,0.047845,0.2
0.7,4,336,336,raw,0.951719,0.77327,7,0.6877,nan,0.827564,0.25
0.7,4,336,336,revin,0.972796,0.783037,7,0.6877,nan,0.828107,0.29
0.7,4,336,336,cn_oracle,0.073072,0.216888,5,0.6877,nan,0.0,0.11
0.7,4,336,336,cn_est,0.083263,0.231936,7,0.6877,0.045439,0.046705,0.16
0.7,5,96,24,raw,0.831662,0.718646,11,0.6807,nan,0.926901,0.83
0.7,5,96,24,revin,0.846454,0.727323,11,0.6807,nan,0.840693,1.06
0.7,5,96,24,cn_oracle,0.073818,0.217632,7,0.6807,nan,0.0,0.37
0.7,5,96,24,cn_est,0.083442,0.230739,10,0.6807,0.292685,0.295725,0.5
0.7,5,96,96,raw,0.922178,0.765041,10,0.6807,nan,0.92376,0.61
0.7,5,96,96,revin,0.969218,0.780543,11,0.6807,nan,0.888205,0.74
0.7,5,96,96,cn_oracle,0.074679,0.218778,9,0.6807,nan,0.0,0.39
0.7,5,96,96,cn_est,0.086444,0.235001,7,0.6807,0.292685,0.296872,0.41
0.7,5,96,336,raw,0.954508,0.780634,6,0.6807,nan,0.928111,0.27
0.7,5,96,336,revin,0.974725,0.782628,11,0.6807,nan,0.871954,0.78
0.7,5,96,336,cn_oracle,0.074576,0.218179,6,0.6807,nan,0.0,0.24
0.7,5,96,336,cn_est,0.089062,0.238277,11,0.6807,0.292685,0.299321,0.61
0.7,5,336,24,raw,0.798923,0.704988,11,0.6807,nan,0.926901,0.34
0.7,5,336,24,revin,0.826622,0.718144,10,0.6807,nan,0.772456,0.35
0.7,5,336,24,cn_oracle,0.07403,0.217892,6,0.6807,nan,0.0,0.14
0.7,5,336,24,cn_est,0.084525,0.232763,6,0.6807,0.284363,0.295725,0.14
0.7,5,336,96,raw,0.912425,0.757648,7,0.6807,nan,0.92376,0.34
0.7,5,336,96,revin,0.9083,0.753782,7,0.6807,nan,0.7839,0.66
0.7,5,336,96,cn_oracle,0.074736,0.218564,7,0.6807,nan,0.0,0.32
0.7,5,336,96,cn_est,0.088996,0.238448,9,0.6807,0.284363,0.296872,0.51
0.7,5,336,336,raw,0.94538,0.77613,9,0.6807,nan,0.928111,0.5
0.7,5,336,336,revin,0.9196,0.762119,9,0.6807,nan,0.77087,0.73
0.7,5,336,336,cn_oracle,0.074604,0.218289,5,0.6807,nan,0.0,0.31
0.7,5,336,336,cn_est,0.092514,0.243092,8,0.6807,0.284363,0.299321,0.53
0.7,6,96,24,raw,1.014797,0.789819,9,0.7155,nan,1.279857,0.23
0.7,6,96,24,revin,1.011599,0.790498,11,0.7155,nan,1.088547,0.41
0.7,6,96,24,cn_oracle,0.082226,0.227985,9,0.7155,nan,0.0,0.25
0.7,6,96,24,cn_est,0.094314,0.244553,9,0.7155,0.225028,0.22862,0.22
0.7,6,96,96,raw,1.203922,0.868366,10,0.7155,nan,1.29063,0.24
0.7,6,96,96,revin,1.157642,0.856543,7,0.7155,nan,1.114412,0.45
0.7,6,96,96,cn_oracle,0.083375,0.229378,9,0.7155,nan,0.0,0.22
0.7,6,96,96,cn_est,0.098687,0.25006,7,0.7155,0.225028,0.230816,0.2
0.7,6,96,336,raw,1.274649,0.895684,7,0.7155,nan,1.28201,0.16
0.7,6,96,336,revin,1.175421,0.861961,8,0.7155,nan,1.102816,0.33
0.7,6,96,336,cn_oracle,0.083181,0.229611,6,0.7155,nan,0.0,0.18
0.7,6,96,336,cn_est,0.114855,0.270955,6,0.7155,0.225028,0.237435,0.18
0.7,6,336,24,raw,1.04703,0.804629,8,0.7155,nan,1.279857,0.25
0.7,6,336,24,revin,0.985791,0.784633,4,0.7155,nan,1.017261,0.32
0.7,6,336,24,cn_oracle,0.082426,0.228983,5,0.7155,nan,0.0,0.22
0.7,6,336,24,cn_est,0.095896,0.246749,10,0.7155,0.220971,0.22862,0.5
0.7,6,336,96,raw,1.175824,0.858222,7,0.7155,nan,1.29063,0.47
0.7,6,336,96,revin,1.083554,0.824479,8,0.7155,nan,1.015734,0.79
0.7,6,336,96,cn_oracle,0.082892,0.229492,6,0.7155,nan,0.0,0.41
0.7,6,336,96,cn_est,0.100876,0.25284,6,0.7155,0.220971,0.230816,0.2
0.7,6,336,336,raw,1.246265,0.881991,6,0.7155,nan,1.28201,0.18
0.7,6,336,336,revin,1.142677,0.848153,6,0.7155,nan,1.022523,0.37
0.7,6,336,336,cn_oracle,0.082562,0.228805,6,0.7155,nan,0.0,0.48
0.7,6,336,336,cn_est,0.111154,0.266313,8,0.7155,0.220971,0.237435,0.65
0.7,7,96,24,raw,0.981962,0.784615,8,0.7157,nan,1.398976,0.32
0.7,7,96,24,revin,0.895726,0.750059,9,0.7157,nan,0.925236,0.6
0.7,7,96,24,cn_oracle,0.088433,0.236347,9,0.7157,nan,0.0,0.61
0.7,7,96,24,cn_est,0.104966,0.257328,8,0.7157,0.379917,0.382128,0.36
0.7,7,96,96,raw,1.309902,0.916009,7,0.7157,nan,1.400916,0.29
0.7,7,96,96,revin,1.061168,0.82476,6,0.7157,nan,0.977682,0.23
0.7,7,96,96,cn_oracle,0.089814,0.238187,6,0.7157,nan,0.0,0.29
0.7,7,96,96,cn_est,0.117165,0.271516,6,0.7157,0.379917,0.379386,0.18
0.7,7,96,336,raw,1.488284,0.98023,9,0.7157,nan,1.390212,0.22
0.7,7,96,336,revin,1.112829,0.842642,12,0.7157,nan,1.012832,0.57
0.7,7,96,336,cn_oracle,0.089558,0.237839,9,0.7157,nan,0.0,0.26
0.7,7,96,336,cn_est,0.133532,0.291067,6,0.7157,0.379917,0.367077,0.14
0.7,7,336,24,raw,1.037265,0.804064,7,0.7157,nan,1.398976,0.16
0.7,7,336,24,revin,0.866753,0.738322,7,0.7157,nan,0.871842,0.27
0.7,7,336,24,cn_oracle,0.087648,0.235381,9,0.7157,nan,0.0,0.21
0.7,7,336,24,cn_est,0.10059,0.251529,8,0.7157,0.372586,0.382128,0.18
0.7,7,336,96,raw,1.438485,0.959605,9,0.7157,nan,1.400916,0.21
0.7,7,336,96,revin,1.034627,0.812384,9,0.7157,nan,0.885201,0.33
0.7,7,336,96,cn_oracle,0.089376,0.237623,5,0.7157,nan,0.0,0.12
0.7,7,336,96,cn_est,0.114465,0.268863,7,0.7157,0.372586,0.379386,0.17
0.7,7,336,336,raw,1.467248,0.968221,4,0.7157,nan,1.390212,0.09
0.7,7,336,336,revin,1.083271,0.82953,5,0.7157,nan,0.916771,0.18
0.7,7,336,336,cn_oracle,0.089431,0.237533,5,0.7157,nan,0.0,0.12
0.7,7,336,336,cn_est,0.128336,0.284669,5,0.7157,0.372586,0.367077,0.12
0.7,8,96,24,raw,0.888009,0.748449,6,0.7181,nan,1.106067,0.11
0.7,8,96,24,revin,0.87007,0.73463,9,0.7181,nan,0.966848,0.24
0.7,8,96,24,cn_oracle,0.083793,0.230186,9,0.7181,nan,0.0,0.15
0.7,8,96,24,cn_est,0.096947,0.247336,5,0.7181,0.272563,0.267739,0.08
0.7,8,96,96,raw,1.116049,0.84606,8,0.7181,nan,1.112316,0.16
0.7,8,96,96,revin,1.053478,0.803596,6,0.7181,nan,1.02397,0.23
0.7,8,96,96,cn_oracle,0.084496,0.231651,6,0.7181,nan,0.0,0.11
0.7,8,96,96,cn_est,0.101434,0.253618,13,0.7181,0.272563,0.26746,0.21
0.7,8,96,336,raw,1.192566,0.877338,8,0.7181,nan,1.139086,0.13
0.7,8,96,336,revin,1.096588,0.834769,10,0.7181,nan,1.031912,0.27
0.7,8,96,336,cn_oracle,0.083931,0.230741,7,0.7181,nan,0.0,0.14
0.7,8,96,336,cn_est,0.122125,0.278661,6,0.7181,0.272563,0.270532,0.11
0.7,8,336,24,raw,0.883448,0.748446,6,0.7181,nan,1.106067,0.13
0.7,8,336,24,revin,0.839008,0.727098,6,0.7181,nan,0.878691,0.16
0.7,8,336,24,cn_oracle,0.084362,0.230929,5,0.7181,nan,0.0,0.09
0.7,8,336,24,cn_est,0.098405,0.249682,4,0.7181,0.280383,0.267739,0.08
0.7,8,336,96,raw,1.107529,0.841454,11,0.7181,nan,1.112316,0.19
0.7,8,336,96,revin,0.984425,0.791529,11,0.7181,nan,0.899509,0.28
0.7,8,336,96,cn_oracle,0.085325,0.23235,5,0.7181,nan,0.0,0.08
0.7,8,336,96,cn_est,0.105386,0.258471,4,0.7181,0.280383,0.26746,0.08
0.7,8,336,336,raw,1.212222,0.881896,12,0.7181,nan,1.139086,0.21
0.7,8,336,336,revin,1.058926,0.826322,8,0.7181,nan,0.939598,0.26
0.7,8,336,336,cn_oracle,0.085279,0.232335,6,0.7181,nan,0.0,0.12
0.7,8,336,336,cn_est,0.121127,0.277325,5,0.7181,0.280383,0.270532,0.09
0.7,9,96,24,raw,0.804572,0.70618,11,0.6844,nan,0.817997,0.2
0.7,9,96,24,revin,0.859726,0.730085,9,0.6844,nan,0.900851,0.28
0.7,9,96,24,cn_oracle,0.069398,0.211709,13,0.6844,nan,0.0,0.23
0.7,9,96,24,cn_est,0.076914,0.221802,13,0.6844,0.04856,0.049533,0.23
0.7,9,96,96,raw,0.908215,0.751264,11,0.6844,nan,0.827046,0.2
0.7,9,96,96,revin,0.992231,0.785798,7,0.6844,nan,0.920467,0.21
0.7,9,96,96,cn_oracle,0.070489,0.213105,6,0.6844,nan,0.0,0.12
0.7,9,96,96,cn_est,0.079968,0.226163,8,0.6844,0.04856,0.050133,0.16
0.7,9,96,336,raw,0.926616,0.759099,12,0.6844,nan,0.82947,0.2
0.7,9,96,336,revin,0.996862,0.787885,15,0.6844,nan,0.905509,0.38
0.7,9,96,336,cn_oracle,0.07093,0.213439,6,0.6844,nan,0.0,0.12
0.7,9,96,336,cn_est,0.088615,0.237793,7,0.6844,0.04856,0.052094,0.15
0.7,9,336,24,raw,0.834297,0.723366,5,0.6844,nan,0.817997,0.09
0.7,9,336,24,revin,0.844256,0.727649,5,0.6844,nan,0.821968,0.15
0.7,9,336,24,cn_oracle,0.069521,0.211079,6,0.6844,nan,0.0,0.1
0.7,9,336,24,cn_est,0.077342,0.222253,8,0.6844,0.047618,0.049533,0.13
0.7,9,336,96,raw,0.921519,0.759726,8,0.6844,nan,0.827046,0.13
0.7,9,336,96,revin,0.936089,0.765135,8,0.6844,nan,0.831182,0.21
0.7,9,336,96,cn_oracle,0.070985,0.213306,6,0.6844,nan,0.0,0.1
0.7,9,336,96,cn_est,0.080804,0.227281,8,0.6844,0.047618,0.050133,0.18
0.7,9,336,336,raw,0.96539,0.777889,7,0.6844,nan,0.82947,0.13
0.7,9,336,336,revin,0.979218,0.782597,15,0.6844,nan,0.840403,0.37
0.7,9,336,336,cn_oracle,0.071651,0.214035,9,0.6844,nan,0.0,0.15
0.7,9,336,336,cn_est,0.088376,0.237269,8,0.6844,0.047618,0.052094,0.13
0.8,0,96,24,raw,0.882689,0.740887,8,0.7691,nan,0.972217,0.15
0.8,0,96,24,revin,0.946592,0.766235,4,0.7691,nan,1.000375,0.11
0.8,0,96,24,cn_oracle,0.065506,0.205367,7,0.7691,nan,0.0,0.12
0.8,0,96,24,cn_est,0.072634,0.215169,11,0.7691,0.139432,0.140643,0.18
0.8,0,96,96,raw,1.018937,0.802452,7,0.7691,nan,0.973523,0.14
0.8,0,96,96,revin,1.045267,0.811858,15,0.7691,nan,0.989238,0.44
0.8,0,96,96,cn_oracle,0.066972,0.207413,10,0.7691,nan,0.0,0.18
0.8,0,96,96,cn_est,0.073745,0.216909,5,0.7691,0.139432,0.141276,0.1
0.8,0,96,336,raw,1.048824,0.81571,8,0.7691,nan,0.960771,0.16
0.8,0,96,336,revin,1.077696,0.82414,8,0.7691,nan,0.995747,0.23
0.8,0,96,336,cn_oracle,0.067744,0.208886,6,0.7691,nan,0.0,0.1
0.8,0,96,336,cn_est,0.075305,0.219123,8,0.7691,0.139432,0.143289,0.16
0.8,0,336,24,raw,0.90918,0.750833,7,0.7691,nan,0.972217,0.14
0.8,0,336,24,revin,0.89919,0.742485,9,0.7691,nan,0.922238,0.24
0.8,0,336,24,cn_oracle,0.066424,0.206954,6,0.7691,nan,0.0,0.1
0.8,0,336,24,cn_est,0.072096,0.214646,8,0.7691,0.135975,0.140643,0.14
0.8,0,336,96,raw,1.054225,0.816142,10,0.7691,nan,0.973523,0.2
0.8,0,336,96,revin,1.006567,0.79296,15,0.7691,nan,0.929258,0.45
0.8,0,336,96,cn_oracle,0.067495,0.208743,7,0.7691,nan,0.0,0.13
0.8,0,336,96,cn_est,0.075597,0.219684,5,0.7691,0.135975,0.141276,0.09
0.8,0,336,336,raw,1.084816,0.830294,6,0.7691,nan,0.960771,0.12
0.8,0,336,336,revin,1.049761,0.814292,13,0.7691,nan,0.933919,0.36
0.8,0,336,336,cn_oracle,0.068326,0.20953,5,0.7691,nan,0.0,0.08
0.8,0,336,336,cn_est,0.077437,0.221712,6,0.7691,0.135975,0.143289,0.1
0.8,1,96,24,raw,0.807234,0.710031,8,0.7836,nan,0.83308,0.15
0.8,1,96,24,revin,0.846107,0.728919,8,0.7836,nan,0.87513,0.33
0.8,1,96,24,cn_oracle,0.069066,0.20979,9,0.7836,nan,0.0,0.15
0.8,1,96,24,cn_est,0.073854,0.217072,9,0.7836,0.062855,0.064403,0.22
0.8,1,96,96,raw,0.901128,0.754418,7,0.7836,nan,0.836221,0.12
0.8,1,96,96,revin,0.976941,0.784491,11,0.7836,nan,0.906745,0.28
0.8,1,96,96,cn_oracle,0.069853,0.210075,8,0.7836,nan,0.0,0.13
0.8,1,96,96,cn_est,0.076115,0.219682,8,0.7836,0.062855,0.064932,0.13
0.8,1,96,336,raw,0.918349,0.763281,13,0.7836,nan,0.829643,0.2
0.8,1,96,336,revin,1.004707,0.797579,6,0.7836,nan,0.910807,0.16
0.8,1,96,336,cn_oracle,0.070305,0.211274,9,0.7836,nan,0.0,0.17
0.8,1,96,336,cn_est,0.079062,0.224793,8,0.7836,0.062855,0.066485,0.13
0.8,1,336,24,raw,0.829579,0.720565,8,0.7836,nan,0.83308,0.14
0.8,1,336,24,revin,0.843996,0.727529,8,0.7836,nan,0.825723,0.22
0.8,1,336,24,cn_oracle,0.069515,0.210309,6,0.7836,nan,0.0,0.1
0.8,1,336,24,cn_est,0.074115,0.217475,11,0.7836,0.05948,0.064403,0.2
0.8,1,336,96,raw,0.931677,0.76694,11,0.7836,nan,0.836221,0.21
0.8,1,336,96,revin,0.944329,0.771705,11,0.7836,nan,0.838627,0.32
0.8,1,336,96,cn_oracle,0.07075,0.212092,6,0.7836,nan,0.0,0.11
0.8,1,336,96,cn_est,0.076633,0.221087,6,0.7836,0.05948,0.064932,0.12
0.8,1,336,336,raw,0.954115,0.779603,6,0.7836,nan,0.829643,0.12
0.8,1,336,336,revin,0.982805,0.788139,6,0.7836,nan,0.845726,0.17
0.8,1,336,336,cn_oracle,0.07121,0.212896,5,0.7836,nan,0.0,0.09
0.8,1,336,336,cn_est,0.080208,0.226266,9,0.7836,0.05948,0.066485,0.18
0.8,2,96,24,raw,0.962908,0.772528,11,0.803,nan,1.111481,0.21
0.8,2,96,24,revin,1.037446,0.801063,8,0.803,nan,1.148041,0.24
0.8,2,96,24,cn_oracle,0.070691,0.211817,13,0.803,nan,0.0,0.23
0.8,2,96,24,cn_est,0.076484,0.219761,11,0.803,0.111608,0.111629,0.19
0.8,2,96,96,raw,1.145508,0.851121,11,0.803,nan,1.100595,0.21
0.8,2,96,96,revin,1.334186,0.915267,10,0.803,nan,1.315028,0.34
0.8,2,96,96,cn_oracle,0.071602,0.213462,9,0.803,nan,0.0,0.17
0.8,2,96,96,cn_est,0.077654,0.221464,5,0.803,0.111608,0.111501,0.09
0.8,2,96,336,raw,1.181587,0.868416,5,0.803,nan,1.098153,0.09
0.8,2,96,336,revin,1.336258,0.926289,7,0.803,nan,1.277702,0.19
0.8,2,96,336,cn_oracle,0.0712,0.2128,7,0.803,nan,0.0,0.13
0.8,2,96,336,cn_est,0.078008,0.222407,9,0.803,0.111608,0.111249,0.14
0.8,2,336,24,raw,0.964142,0.776272,6,0.803,nan,1.111481,0.12
0.8,2,336,24,revin,0.995944,0.78866,5,0.803,nan,1.063255,0.14
0.8,2,336,24,cn_oracle,0.072245,0.214284,5,0.803,nan,0.0,0.1
0.8,2,336,24,cn_est,0.077084,0.220685,6,0.803,0.110376,0.111629,0.13
0.8,2,336,96,raw,1.128322,0.847727,6,0.803,nan,1.100595,0.11
0.8,2,336,96,revin,1.154776,0.860196,9,0.803,nan,1.104437,0.28
0.8,2,336,96,cn_oracle,0.07275,0.215264,8,0.803,nan,0.0,0.18
0.8,2,336,96,cn_est,0.079264,0.224259,6,0.803,0.110376,0.111501,0.1
0.8,2,336,336,raw,1.185773,0.873839,7,0.803,nan,1.098153,0.17
0.8,2,336,336,revin,1.207824,0.884983,11,0.803,nan,1.098218,0.32
0.8,2,336,336,cn_oracle,0.071436,0.213335,5,0.803,nan,0.0,0.09
0.8,2,336,336,cn_est,0.079323,0.224332,8,0.803,0.110376,0.111249,0.13
0.8,3,96,24,raw,0.817911,0.71592,8,0.7973,nan,0.942509,0.14
0.8,3,96,24,revin,0.853701,0.737912,8,0.7973,nan,0.894309,0.3
0.8,3,96,24,cn_oracle,0.071614,0.212838,6,0.7973,nan,0.0,0.13
0.8,3,96,24,cn_est,0.079587,0.22491,6,0.7973,0.167808,0.16944,0.1
0.8,3,96,96,raw,0.943168,0.774216,10,0.7973,nan,0.927796,0.23
0.8,3,96,96,revin,1.014222,0.81111,14,0.7973,nan,0.955111,0.46
0.8,3,96,96,cn_oracle,0.071864,0.213455,8,0.7973,nan,0.0,0.13
0.8,3,96,96,cn_est,0.084301,0.231774,9,0.7973,0.167808,0.168231,0.19
0.8,3,96,336,raw,0.971839,0.78702,13,0.7973,nan,0.929305,0.26
0.8,3,96,336,revin,1.071831,0.832949,13,0.7973,nan,0.998168,0.32
0.8,3,96,336,cn_oracle,0.072037,0.213993,10,0.7973,nan,0.0,0.19
0.8,3,96,336,cn_est,0.098533,0.250536,10,0.7973,0.167808,0.16384,0.16
0.8,3,336,24,raw,0.814682,0.720005,7,0.7973,nan,0.942509,0.12
0.8,3,336,24,revin,0.828104,0.727315,7,0.7973,nan,0.860177,0.21
0.8,3,336,24,cn_oracle,0.071382,0.212866,7,0.7973,nan,0.0,0.14
0.8,3,336,24,cn_est,0.081987,0.228042,5,0.7973,0.162482,0.16944,0.1
0.8,3,336,96,raw,0.928699,0.770774,9,0.7973,nan,0.927796,0.18
0.8,3,336,96,revin,0.95089,0.78497,9,0.7973,nan,0.88017,0.26
0.8,3,336,96,cn_oracle,0.072322,0.214311,8,0.7973,nan,0.0,0.14
0.8,3,336,96,cn_est,0.087651,0.235972,6,0.7973,0.162482,0.168231,0.12
0.8,3,336,336,raw,0.983966,0.793351,7,0.7973,nan,0.929305,0.12
0.8,3,336,336,revin,1.011273,0.808233,8,0.7973,nan,0.907286,0.2
0.8,3,336,336,cn_oracle,0.072887,0.215003,5,0.7973,nan,0.0,0.08
0.8,3,336,336,cn_est,0.099152,0.250906,6,0.7973,0.162482,0.16384,0.09
0.8,4,96,24,raw,0.856675,0.736035,7,0.7867,nan,0.976075,0.13
0.8,4,96,24,revin,0.900281,0.750468,8,0.7867,nan,1.006913,0.21
0.8,4,96,24,cn_oracle,0.069105,0.211252,6,0.7867,nan,0.0,0.1
0.8,4,96,24,cn_est,0.074802,0.217632,6,0.7867,0.084992,0.086262,0.11
0.8,4,96,96,raw,0.987406,0.798156,10,0.7867,nan,0.968647,0.16
0.8,4,96,96,revin,1.10721,0.833641,10,0.7867,nan,1.087439,0.3
0.8,4,96,96,cn_oracle,0.069627,0.211478,7,0.7867,nan,0.0,0.14
0.8,4,96,96,cn_est,0.075804,0.219376,7,0.7867,0.084992,0.087003,0.14
0.8,4,96,336,raw,1.020245,0.812933,8,0.7867,nan,0.966197,0.16
0.8,4,96,336,revin,1.144466,0.854573,13,0.7867,nan,1.099085,0.38
0.8,4,96,336,cn_oracle,0.069716,0.211886,6,0.7867,nan,0.0,0.12
0.8,4,96,336,cn_est,0.077707,0.222587,8,0.7867,0.084992,0.089707,0.15
0.8,4,336,24,raw,0.861144,0.736139,11,0.7867,nan,0.976075,0.21
0.8,4,336,24,revin,0.874369,0.741283,13,0.7867,nan,0.947427,0.38
0.8,4,336,24,cn_oracle,0.069214,0.211095,5,0.7867,nan,0.0,0.1
0.8,4,336,24,cn_est,0.075401,0.219409,6,0.7867,0.083903,0.086262,0.12
0.8,4,336,96,raw,1.010933,0.804861,10,0.7867,nan,0.968647,0.2
0.8,4,336,96,revin,1.040568,0.812621,6,0.7867,nan,0.973054,0.17
0.8,4,336,96,cn_oracle,0.070506,0.213229,7,0.7867,nan,0.0,0.12
0.8,4,336,96,cn_est,0.078104,0.223417,11,0.7867,0.083903,0.087003,0.18
0.8,4,336,336,raw,1.014809,0.807573,6,0.7867,nan,0.966197,0.1
0.8,4,336,336,revin,1.039279,0.813696,9,0.7867,nan,0.949072,0.23
0.8,4,336,336,cn_oracle,0.07036,0.21313,6,0.7867,nan,0.0,0.1
0.8,4,336,336,cn_est,0.079605,0.225589,6,0.7867,0.083903,0.089707,0.12
0.8,5,96,24,raw,0.88686,0.742853,5,0.8063,nan,0.951964,0.08
0.8,5,96,24,revin,0.923661,0.759979,11,0.8063,nan,0.976821,0.35
0.8,5,96,24,cn_oracle,0.064024,0.202167,6,0.8063,nan,0.0,0.16
0.8,5,96,24,cn_est,0.069908,0.211243,13,0.8063,0.122763,0.123963,0.23
0.8,5,96,96,raw,0.972355,0.779799,8,0.8063,nan,0.947775,0.14
0.8,5,96,96,revin,1.054609,0.819643,8,0.8063,nan,1.016749,0.23
0.8,5,96,96,cn_oracle,0.064946,0.203469,6,0.8063,nan,0.0,0.12
0.8,5,96,96,cn_est,0.070656,0.212079,6,0.8063,0.122763,0.123021,0.13
0.8,5,96,336,raw,0.96929,0.778437,6,0.8063,nan,0.927814,0.12
0.8,5,96,336,revin,0.997797,0.794222,13,0.8063,nan,0.936448,0.36
0.8,5,96,336,cn_oracle,0.064764,0.203044,8,0.8063,nan,0.0,0.14
0.8,5,96,336,cn_est,0.071962,0.213989,8,0.8063,0.122763,0.120816,0.14
0.8,5,336,24,raw,0.863047,0.731723,11,0.8063,nan,0.951964,0.17
0.8,5,336,24,revin,0.864003,0.732252,11,0.8063,nan,0.855396,0.29
0.8,5,336,24,cn_oracle,0.064093,0.202201,8,0.8063,nan,0.0,0.13
0.8,5,336,24,cn_est,0.069986,0.211224,9,0.8063,0.120235,0.123963,0.15
0.8,5,336,96,raw,0.949115,0.771461,9,0.8063,nan,0.947775,0.15
0.8,5,336,96,revin,0.944983,0.772729,13,0.8063,nan,0.859832,0.32
0.8,5,336,96,cn_oracle,0.064967,0.203511,6,0.8063,nan,0.0,0.13
0.8,5,336,96,cn_est,0.072506,0.215065,8,0.8063,0.120235,0.123021,0.14
0.8,5,336,336,raw,0.981865,0.784153,7,0.8063,nan,0.927814,0.14
0.8,5,336,336,revin,0.945242,0.772361,7,0.8063,nan,0.845269,0.2
0.8,5,336,336,cn_oracle,0.064672,0.203405,5,0.8063,nan,0.0,0.08
0.8,5,336,336,cn_est,0.072305,0.21515,5,0.8063,0.120235,0.120816,0.1
0.8,6,96,24,raw,0.901115,0.7509,8,0.7842,nan,0.973835,0.14
0.8,6,96,24,revin,0.947693,0.762326,8,0.7842,nan,0.950242,0.24
0.8,6,96,24,cn_oracle,0.077881,0.224712,9,0.7842,nan,0.0,0.17
0.8,6,96,24,cn_est,0.084517,0.233414,8,0.7842,0.098147,0.099666,0.15
0.8,6,96,96,raw,1.043972,0.815134,7,0.7842,nan,0.980504,0.15
0.8,6,96,96,revin,1.116104,0.837261,7,0.7842,nan,1.036774,0.19
0.8,6,96,96,cn_oracle,0.079435,0.227031,7,0.7842,nan,0.0,0.12
0.8,6,96,96,cn_est,0.085966,0.235901,9,0.7842,0.098147,0.099749,0.14
0.8,6,96,336,raw,1.079792,0.835058,12,0.7842,nan,0.989985,0.2
0.8,6,96,336,revin,1.165256,0.864745,12,0.7842,nan,1.064526,0.32
0.8,6,96,336,cn_oracle,0.080069,0.227511,6,0.7842,nan,0.0,0.1
0.8,6,96,336,cn_est,0.088547,0.238719,9,0.7842,0.098147,0.101198,0.14
0.8,6,336,24,raw,0.940233,0.768379,7,0.7842,nan,0.973835,0.13
0.8,6,336,24,revin,0.937222,0.763653,7,0.7842,nan,0.919611,0.19
0.8,6,336,24,cn_oracle,0.078572,0.224624,10,0.7842,nan,0.0,0.2
0.8,6,336,24,cn_est,0.083879,0.231879,8,0.7842,0.094902,0.099666,0.13
0.8,6,336,96,raw,1.082317,0.832653,4,0.7842,nan,0.980504,0.07
0.8,6,336,96,revin,1.083646,0.829099,6,0.7842,nan,0.948478,0.18
0.8,6,336,96,cn_oracle,0.079943,0.226855,6,0.7842,nan,0.0,0.12
0.8,6,336,96,cn_est,0.088521,0.238387,8,0.7842,0.094902,0.099749,0.14
0.8,6,336,336,raw,1.108583,0.845309,10,0.7842,nan,0.989985,0.16
0.8,6,336,336,revin,1.14396,0.85651,10,0.7842,nan,0.993873,0.28
0.8,6,336,336,cn_oracle,0.080756,0.228136,7,0.7842,nan,0.0,0.16
0.8,6,336,336,cn_est,0.090472,0.240879,7,0.7842,0.094902,0.101198,0.11
0.8,7,96,24,raw,0.965537,0.777186,6,0.7669,nan,1.07611,0.12
0.8,7,96,24,revin,0.973514,0.77542,14,0.7669,nan,1.000277,0.41
0.8,7,96,24,cn_oracle,0.072116,0.214146,7,0.7669,nan,0.0,0.14
0.8,7,96,24,cn_est,0.111672,0.269809,7,0.7669,0.228949,0.229216,0.14
0.8,7,96,96,raw,1.108954,0.839565,7,0.7669,nan,1.083764,0.17
0.8,7,96,96,revin,1.14214,0.850445,7,0.7669,nan,1.092399,0.19
0.8,7,96,96,cn_oracle,0.072865,0.215637,8,0.7669,nan,0.0,0.14
0.8,7,96,96,cn_est,0.124154,0.285636,8,0.7669,0.228949,0.228919,0.13
0.8,7,96,336,raw,1.164974,0.864043,8,0.7669,nan,1.075269,0.13
0.8,7,96,336,revin,1.223616,0.881969,8,0.7669,nan,1.145029,0.2
0.8,7,96,336,cn_oracle,0.072926,0.215879,9,0.7669,nan,0.0,0.14
0.8,7,96,336,cn_est,0.151338,0.319644,6,0.7669,0.228949,0.227663,0.1
0.8,7,336,24,raw,1.029963,0.802006,7,0.7669,nan,1.07611,0.11
0.8,7,336,24,revin,0.958951,0.770906,6,0.7669,nan,0.974773,0.18
0.8,7,336,24,cn_oracle,0.073076,0.216185,7,0.7669,nan,0.0,0.14
0.8,7,336,24,cn_est,0.092049,0.242517,6,0.7669,0.226525,0.229216,0.12
0.8,7,336,96,raw,1.198791,0.872526,5,0.7669,nan,1.083764,0.1
0.8,7,336,96,revin,1.100373,0.835356,11,0.7669,nan,1.007404,0.33
0.8,7,336,96,cn_oracle,0.073874,0.217315,6,0.7669,nan,0.0,0.12
0.8,7,336,96,cn_est,0.09578,0.247554,11,0.7669,0.226525,0.228919,0.2
0.8,7,336,336,raw,1.22201,0.884567,8,0.7669,nan,1.075269,0.15
0.8,7,336,336,revin,1.160043,0.863119,8,0.7669,nan,1.023268,0.23
0.8,7,336,336,cn_oracle,0.074097,0.217511,8,0.7669,nan,0.0,0.15
0.8,7,336,336,cn_est,0.105535,0.260164,10,0.7669,0.226525,0.227663,0.19
0.8,8,96,24,raw,0.900763,0.74009,14,0.7955,nan,1.00903,0.27
0.8,8,96,24,revin,0.956402,0.763307,7,0.7955,nan,1.049669,0.23
0.8,8,96,24,cn_oracle,0.072699,0.213722,7,0.7955,nan,0.0,0.16
0.8,8,96,24,cn_est,0.079653,0.223644,10,0.7955,0.030201,0.030348,0.16
0.8,8,96,96,raw,1.047284,0.800378,7,0.7955,nan,1.014788,0.13
0.8,8,96,96,revin,1.144823,0.838556,11,0.7955,nan,1.112715,0.28
0.8,8,96,96,cn_oracle,0.072176,0.212838,8,0.7955,nan,0.0,0.13
0.8,8,96,96,cn_est,0.078745,0.221569,10,0.7955,0.030201,0.030399,0.19
0.8,8,96,336,raw,1.09076,0.819186,9,0.7955,nan,1.020432,0.17
0.8,8,96,336,revin,1.241218,0.879646,9,0.7955,nan,1.180736,0.26
0.8,8,96,336,cn_oracle,0.072852,0.214146,6,0.7955,nan,0.0,0.12
0.8,8,96,336,cn_est,0.080588,0.223593,10,0.7955,0.030201,0.030386,0.19
0.8,8,336,24,raw,0.916946,0.752431,6,0.7955,nan,1.00903,0.12
0.8,8,336,24,revin,0.933507,0.759836,6,0.7955,nan,1.007732,0.16
0.8,8,336,24,cn_oracle,0.072282,0.213543,11,0.7955,nan,0.0,0.2
0.8,8,336,24,cn_est,0.078217,0.220416,6,0.7955,0.029906,0.030348,0.11
0.8,8,336,96,raw,1.073858,0.81706,12,0.7955,nan,1.014788,0.21
0.8,8,336,96,revin,1.104882,0.829713,9,0.7955,nan,1.034968,0.28
0.8,8,336,96,cn_oracle,0.072651,0.213966,7,0.7955,nan,0.0,0.13
0.8,8,336,96,cn_est,0.078192,0.220433,7,0.7955,0.029906,0.030399,0.12
0.8,8,336,336,raw,1.134336,0.838535,7,0.7955,nan,1.020432,0.12
0.8,8,336,336,revin,1.187657,0.858429,7,0.7955,nan,1.068087,0.21
0.8,8,336,336,cn_oracle,0.073294,0.215006,5,0.7955,nan,0.0,0.09
0.8,8,336,336,cn_est,0.079907,0.222611,9,0.7955,0.029906,0.030386,0.17
0.8,9,96,24,raw,0.813506,0.716299,6,0.8059,nan,0.936188,0.1
0.8,9,96,24,revin,0.830679,0.721938,12,0.8059,nan,0.875819,0.37
0.8,9,96,24,cn_oracle,0.069311,0.209299,9,0.8059,nan,0.0,0.15
0.8,9,96,24,cn_est,0.074914,0.218702,10,0.8059,0.096428,0.09794,0.21
0.8,9,96,96,raw,0.961236,0.785123,9,0.8059,nan,0.935024,0.18
0.8,9,96,96,revin,1.007787,0.799281,10,0.8059,nan,0.947557,0.3
0.8,9,96,96,cn_oracle,0.070461,0.211377,10,0.8059,nan,0.0,0.2
0.8,9,96,96,cn_est,0.078629,0.22419,10,0.8059,0.096428,0.097949,0.2
0.8,9,96,336,raw,0.983412,0.795118,13,0.8059,nan,0.93053,0.25
0.8,9,96,336,revin,1.05393,0.819665,9,0.8059,nan,0.98317,0.26
0.8,9,96,336,cn_oracle,0.069852,0.21062,7,0.8059,nan,0.0,0.17
0.8,9,96,336,cn_est,0.084278,0.232526,8,0.8059,0.096428,0.096958,0.15
0.8,9,336,24,raw,0.78933,0.704944,7,0.8059,nan,0.936188,0.14
0.8,9,336,24,revin,0.824679,0.716066,13,0.8059,nan,0.841002,0.35
0.8,9,336,24,cn_oracle,0.069781,0.210492,8,0.8059,nan,0.0,0.15
0.8,9,336,24,cn_est,0.076302,0.221247,8,0.8059,0.093526,0.09794,0.14
0.8,9,336,96,raw,0.949704,0.779661,7,0.8059,nan,0.935024,0.15
0.8,9,336,96,revin,0.935188,0.769073,7,0.8059,nan,0.854452,0.21
0.8,9,336,96,cn_oracle,0.07117,0.212788,5,0.8059,nan,0.0,0.11
0.8,9,336,96,cn_est,0.078996,0.225077,6,0.8059,0.093526,0.097949,0.12
0.8,9,336,336,raw,0.997141,0.800469,5,0.8059,nan,0.93053,0.09
0.8,9,336,336,revin,0.972664,0.788693,11,0.8059,nan,0.870467,0.32
0.8,9,336,336,cn_oracle,0.070788,0.212206,5,0.8059,nan,0.0,0.1
0.8,9,336,336,cn_est,0.086185,0.234961,7,0.8059,0.093526,0.096958,0.13
0.9,0,96,24,raw,0.87956,0.73063,12,0.8904,nan,0.953761,0.19
0.9,0,96,24,revin,1.00231,0.774013,10,0.8904,nan,1.081464,0.26
0.9,0,96,24,cn_oracle,0.060278,0.195693,11,0.8904,nan,0.0,0.18
0.9,0,96,24,cn_est,0.066448,0.205365,6,0.8904,0.057251,0.056708,0.11
0.9,0,96,96,raw,1.018365,0.794318,11,0.8904,nan,0.956498,0.22
0.9,0,96,96,revin,1.141288,0.83512,12,0.8904,nan,1.092232,0.35
0.9,0,96,96,cn_oracle,0.061027,0.197062,9,0.8904,nan,0.0,0.18
0.9,0,96,96,cn_est,0.068158,0.207852,6,0.8904,0.057251,0.056436,0.12
0.9,0,96,336,raw,1.034171,0.803537,10,0.8904,nan,0.957892,0.18
0.9,0,96,336,revin,1.127553,0.837308,15,0.8904,nan,1.073063,0.41
0.9,0,96,336,cn_oracle,0.060855,0.196645,9,0.8904,nan,0.0,0.17
0.9,0,96,336,cn_est,0.067908,0.207537,6,0.8904,0.057251,0.055621,0.12
0.9,0,336,24,raw,0.889023,0.7365,7,0.8904,nan,0.953761,0.16
0.9,0,336,24,revin,0.903746,0.74016,9,0.8904,nan,0.95691,0.25
0.9,0,336,24,cn_oracle,0.06061,0.196299,6,0.8904,nan,0.0,0.11
0.9,0,336,24,cn_est,0.066158,0.204998,8,0.8904,0.057512,0.056708,0.13
0.9,0,336,96,raw,1.05279,0.807079,6,0.8904,nan,0.956498,0.11
0.9,0,336,96,revin,1.061242,0.809001,8,0.8904,nan,0.961646,0.27
0.9,0,336,96,cn_oracle,0.061693,0.197925,5,0.8904,nan,0.0,0.1
0.9,0,336,96,cn_est,0.068315,0.207767,8,0.8904,0.057512,0.056436,0.15
0.9,0,336,336,raw,1.085028,0.823386,7,0.8904,nan,0.957892,0.13
0.9,0,336,336,revin,1.063737,0.816289,8,0.8904,nan,0.952293,0.23
0.9,0,336,336,cn_oracle,0.061011,0.196331,6,0.8904,nan,0.0,0.12
0.9,0,336,336,cn_est,0.067116,0.205742,6,0.8904,0.057512,0.055621,0.12
0.9,1,96,24,raw,0.798311,0.714364,10,0.8943,nan,0.849751,0.17
0.9,1,96,24,revin,0.883843,0.752736,10,0.8943,nan,0.967205,0.3
0.9,1,96,24,cn_oracle,0.055137,0.186315,9,0.8943,nan,0.0,0.18
0.9,1,96,24,cn_est,0.058945,0.193249,8,0.8943,0.012214,0.01243,0.15
0.9,1,96,96,raw,0.895592,0.763124,6,0.8943,nan,0.848173,0.11
0.9,1,96,96,revin,1.045621,0.828249,7,0.8943,nan,1.01755,0.19
0.9,1,96,96,cn_oracle,0.056078,0.188513,11,0.8943,nan,0.0,0.18
0.9,1,96,96,cn_est,0.059991,0.195319,8,0.8943,0.012214,0.012452,0.13
0.9,1,96,336,raw,0.923703,0.776124,10,0.8943,nan,0.857239,0.21
0.9,1,96,336,revin,1.051436,0.830487,10,0.8943,nan,0.992176,0.25
0.9,1,96,336,cn_oracle,0.055984,0.188209,7,0.8943,nan,0.0,0.14
0.9,1,96,336,cn_est,0.059414,0.194265,11,0.8943,0.012214,0.012565,0.21
0.9,1,336,24,raw,0.818915,0.720685,7,0.8943,nan,0.849751,0.14
0.9,1,336,24,revin,0.833526,0.72964,7,0.8943,nan,0.865642,0.21
0.9,1,336,24,cn_oracle,0.054756,0.18594,9,0.8943,nan,0.0,0.17
0.9,1,336,24,cn_est,0.057322,0.190524,10,0.8943,0.012734,0.01243,0.19
0.9,1,336,96,raw,0.92169,0.772605,8,0.8943,nan,0.848173,0.15
0.9,1,336,96,revin,0.94747,0.786288,5,0.8943,nan,0.870468,0.15
0.9,1,336,96,cn_oracle,0.055729,0.187657,5,0.8943,nan,0.0,0.1
0.9,1,336,96,cn_est,0.058558,0.192632,8,0.8943,0.012734,0.012452,0.17
0.9,1,336,336,raw,0.959633,0.79097,8,0.8943,nan,0.857239,0.15
0.9,1,336,336,revin,0.978893,0.801104,8,0.8943,nan,0.869911,0.22
